Slot,,IDs,resources.dcb (File Name),Clean Name,Type
0190,,0084906486DF5D22,KratosArmorLegs_TankSet_Tier01_Reinforce2,Reaver Belt Lv3,Armor
018E,,0538FA2C08F5C3E8,KratosArmorChest_TankSet_Tier01_Reinforce2,Reaver Tunic Lv3,Armor
01A6,,0688A2A2CDE929C9,KratosArmorChest_DamageSet_Tier01_Reinforce1,Boar Hide Shoulder Guards Lv2,Armor
018C,,0912F93ABF6ADC52,KratosArmorWrist_TankSet_Tier01_Reinforce1,Reaver Forearm Bands Lv2,Armor
0197,,0BD1185348F0B82F,KratosArmorChest_SpeedSet_Tier01_Reinforce2,Arcane Shoulder Wraps Lv3,Armor
01A5,,0EC693CAFBFF3A1D,KratosArmorLegs_DamageSet_Tier01,Boar Hide Belt,Armor
018B,,143CFA2C08F5C3E8,KratosArmorChest_TankSet_Tier01_Reinforce1,Reaver Tunic Lv2,Armor
024F,,17DB6815F553A0E4,KratosArmorWrist_ValkyrieSet_Tier06,Gauntlets of the Valkyrie,Armor
01AB,,1B79EAAB74B20760,KratosArmorLegs_DamageSet_Tier01_Reinforce2,Boar Hide Belt Lv3,Armor
018F,,1E16F93ABF6ADC52,KratosArmorWrist_TankSet_Tier01_Reinforce2,Reaver Forearm Bands Lv3,Armor
018A,,1F3451A0EC0D5A2E,KratosArmorLegs_TankSet_Tier01,Reaver Belt,Armor
018D,,1F80906486DF5D22,KratosArmorLegs_TankSet_Tier01_Reinforce1,Reaver Belt Lv2,Armor
0188,,3058E21201646AAF,KratosArmorChest_TankSet_Tier01,Reaver Tunic,Armor
01A9,,3584A2A2CDE929C9,KratosArmorChest_DamageSet_Tier01_Reinforce2,Boar Hide Shoulder Guards Lv3,Armor
01A7,,45B26DC665DB30C6,KratosArmorWrist_DamageSet_Tier01_Reinforce1,Boar Hide Bracers Lv2,Armor
0250,,645AF4F1BD48FCEA,KratosArmorLegs_ValkyrieSet_Tier06,Waist Guard of the Valkyrie,Armor
01A4,,65B1B048DC097627,KratosArmorWrist_DamageSet_Tier01,Boar Hide Bracers,Armor
0194,,78CD185348F0B82F,KratosArmorChest_SpeedSet_Tier01_Reinforce1,Arcane Shoulder Wraps Lv2,Armor
01A3,,7FC99E30CAE5761D,KratosArmorChest_DamageSet_Tier01,Boar Hide Shoulder Guards,Armor
0189,,A2758B8C9BE22666,KratosArmorWrist_TankSet_Tier01,Reaver Forearm Bands,Armor
01AA,,B68E6DC665DB30C6,KratosArmorWrist_DamageSet_Tier01_Reinforce2,Boar Hide Bracers Lv3,Armor
024E,,B74F7BCF35641B8F,KratosArmorChest_ValkyrieSet_Tier06,Cuirass of the Valkyrie,Armor
0186,,BBE241E6B9F903EC,KratosShield_Bonus02,Aspis of Spartan Fury,Armor
0192,,BCB44F41C8303BEF,KratosArmorWrist_SpeedSet_Tier01,Arcane Bracers,Armor
0198,,C7E059344F03170F,KratosArmorWrist_SpeedSet_Tier01_Reinforce2,Arcane Bracers Lv3,Armor
0195,,D6E459344F03170F,KratosArmorWrist_SpeedSet_Tier01_Reinforce1,Arcane Bracers Lv2,Armor
0191,,E6C0860B783953B8,KratosArmorChest_SpeedSet_Tier01,Arcane Shoulder Wraps,Armor
0193,,E9CC8DD78159E2E9,KratosArmorLegs_SpeedSet_Tier01,Arcane Waist Guard,Armor
01A8,,EA45EAAB74B20760,KratosArmorLegs_DamageSet_Tier01_Reinforce1,Boar Hide Belt Lv2,Armor
0196,,EB0A0F217E651246,KratosArmorLegs_SpeedSet_Tier01_Reinforce1,Arcane Waist Guard Lv2,Armor
0199,,FA0E0F217E651246,KratosArmorLegs_SpeedSet_Tier01_Reinforce2,Arcane Waist Guard Lv3,Armor
014C,,84FD60E2F9FF3103,ArrowUnlock_Shock,Shock Arrows,Atreus
0382,,04D1D400FCB95246,Perk_Offense_AxeHeavyHold_OffenseBuff,Weighted War Handle,Axe Pommel
030E,,051D1A43D688E6F5,WeaponComponent_Axe_Cursed,Corrupted Runic Handle,Axe Pommel
0660,,09DBE9E8E0F0BC01,WeaponComponent_Axe_Finisher_NGP,Forbidden Grip of the Ages +,Axe Pommel
065A,,10834F8A5BA0EF99,Perk_Offense_OnMeleeDamage_HealthDrain_NGP,Hræzla Farmaðr's Grip +,Axe Pommel
0489,,1139DAC200ABA458,UB03_Reveal_Lore,Deadly Grips of Vitality,Axe Pommel
0318,,1A5BA440AEEDC2ED,WeaponComponent_Axe_Finisher,Forbidden Grip of the Ages,Axe Pommel
036D,,1AD2870B105BE4A7,Perk_Offense_AxeHeavyHold_HealthBurst,Weighted Grip of Restoration,Axe Pommel
0663,,1C529BACA42A805C,WeaponComponent_NifleheimSpecial01_NGP,Blightbringer +,Axe Pommel
0683,,1DB9B1E37DC034B9,WeaponComponent_Blades_Nidavellir01_Reinforce2_NGP,Blightguard + Lvl3,Axe Pommel
034C,,1E22D88D41CA6794,WeaponComponent_Blades_OnHeadshot_OffenseBuff,Precision War Handles,Axe Pommel
0672,,20079575B16C9CD2,WeaponComponent_Axe_QueenValkyrie01_NGP,Retribution +,Axe Pommel
066F,,2D0C161E95333090,WeaponComponent_Axe_Valkyrie02_NGP,Wing of the Fallen +,Axe Pommel
031E,,46B2B9A45CE518CF,WeaponComponent_NifleheimSpecial01,Blightbringer,Axe Pommel
037F,,4874EB07A00EB507,Perk_Offense_AxeHeavyHold_RunicBuff,Wieghted Runic Handle,Axe Pommel
0304,,51EC33BE02F4FF28,Perk_Offense_OnMeleeDamage_HealthDrain,Hraezla Farmadr's Grip,Axe Pommel
032F,,532D9E79D0BDDCA1,WeaponComponent_Axe_QueenValkyrie01,Retribution,Axe Pommel
0307,,65A8BCDAAD5B56C3,Perk_Offense_OnMeleeDamage_Shield,Grip of Völunder,Axe Pommel
031A,,6D80B23CF2A863AB,WeaponComponent_Axe_Finisher_Reinforce2,Forbidden Grip of the Ages Lvl3,Axe Pommel
0662,,727620E42CF2657C,WeaponComponent_Axe_Finisher_Reinforce2_NGP,Forbidden Grip of the Ages + lvl3,Axe Pommel
036A,,7B7ABC8730CB6ECC,Perk_Throw_OnHeadshot_Rage,Curved Grip of Fury,Axe Pommel
0361,,7BADA7C632889FBF,WeaponComponent_Blades_OnKill_RageBurst,Deadly Grip of Fury,Axe Pommel
0319,,7C84B23CF2A863AB,WeaponComponent_Axe_Finisher_Reinforce1,Forbidden Grip of the Ages Lvl2,Axe Pommel
0332,,8BBA55B5394A6F9B,WeaponComponent_Axe_Bonus01,PLACEHOLDER,Axe Pommel
0669,,8D44DFEF1148587C,Perk_Weapon_Niflheim_NGP,Mistbourne +,Axe Pommel
0349,,8E0654D9F313282D,WeaponComponent_Blades_OnKill_CooldownBurst,Deadly Recovery Handle,Axe Pommel
031B,,8E5C10D3F9EFA690,Perk_Offense_OnMeleeDamage_ProcLightning,Grip of Tanngiost,Axe Pommel
0312,,93038A6D51FB9280,Perk_Weapon_Muspelheim,Surtr's Grip of Flame,Axe Pommel
0367,,93ACF645AF11220D,Perk_Throw_OnHeadshot_Cooldown,Curved Recovery Handle,Axe Pommel
0329,,9A03B39C511BFF13,WeaponComponent_Axe_Valkyrie01,Valkyrie's Might,Axe Pommel
035E,,9DA85E5A6DD07029,WeaponComponent_Blades_OnKill_OffenseBuff,Deadly War Handles,Axe Pommel
033B,,A1407A486910A53F,WeaponComponent_Blades_Nidavellir01_Reinforce1,Blightguard Lvl2,Axe Pommel
0665,,A1B3C64520970BFF,WeaponComponent_NifleheimSpecial01_Reinforce2_NGP,Blightbringer + Lvl3,Axe Pommel
0678,,AA1C44285192C8C0,WeaponComponent_Blades_OnDamage_ProcFire_NGP,Explosive Grips of Fire,Axe Pommel
0681,,ACA76C51F8DD4AEB,WeaponComponent_Blades_Nidavellir01_NGP,Blightguard +,Axe Pommel
065D,,AD675AD0CB86655D,Perk_Weapon_Muspelheim_NGP,Surtr's Grip of Flame +,Axe Pommel
0355,,AF2E30D75A82C4B9,WeaponComponent_Blades_OnDamage_ProcFire,Explosive Grips of Fire,Axe Pommel
033C,,B0447A486910A53F,WeaponComponent_Blades_Nidavellir01_Reinforce2,Blightguard Lvl3,Axe Pommel
0326,,B19B7116597C5571,Perk_Offense_OnMeleeDamage_ProcFrost,Ymir's Breath,Axe Pommel
0352,,B352B44A484383F4,WeaponComponent_Blades_OnHeadshot_CooldownBurst,Precision Recovery Handles,Axe Pommel
0657,,BAB314470E329FEF,Perk_Offense_OnMeleeDamage_ProcFrost_NGP,Ymir's Breath,Axe Pommel
0346,,C1BE54FEBEC6FC4C,WeaponComponent_Blades_OnKill_RunicBuff,Deadly Grips of Magic,Axe Pommel
0385,,C33875A0ADAFB525,Perk_Offense_OnLaunch_Shield,Light Grip of Protection,Axe Pommel
0682,,C8CE155183D85EB9,WeaponComponent_Blades_Nidavellir01_Reinforce1_NGP,Blightguard + Lvl2,Axe Pommel
0661,,D5CB909E7CDCBE7F,WeaponComponent_Axe_Finisher_Reinforce1_NGP,Forbidden Grip of the Ages + lvl2,Axe Pommel
031F,,D73554A31A5A3D54,WeaponComponent_NifleheimSpecial01_Reinforce1,Blightbringer Lvl2,Axe Pommel
0320,,E63954A31A5A3D54,WeaponComponent_NifleheimSpecial01_Reinforce2,Blightbringer Lvl 3,Axe Pommel
0388,,E99F25273A7070C9,Perk_Offense_OnLaunch_OffenseBuff,Light War Handle,Axe Pommel
037C,,EDF143F9CC5121A7,Perk_Flat_OnKill_Rage,Deadly Grip of Fury,Axe Pommel
0373,,F7A610C04C86598E,Perk_Throw_OnHeadshot_OffenseBuff,Curved War Handle,Axe Pommel
0664,,F7E0A36391A607FF,WeaponComponent_NifleheimSpecial01_Reinforce1_NGP,Blightbringer + Lvl2,Axe Pommel
033A,,FD21669F5B5EF8BF,WeaponComponent_Blades_Nidavellir01,Blightguard,Axe Pommel
066C,,FEEFDF3F85252C90,WeaponComponent_Axe_Valkyrie01_NGP,Valkyrie's Might +,Axe Pommel
0343,,FFD3FAF3721D6AB0,WeaponComponent_Blades_OnKill_DefenseBuff,Deadly Grips of Protection,Axe Pommel
05E3,,0E2F9E9A69FB61A5,KratosArmorChest_MspDamageSet_Tier06_Reinforce1_NGP,Smoldering Brimstone Pauldron + Lvl2,Chest Armor
0598,,0FD03F4ABE9A21AE,KratosArmorChest_TyrSet_Tier06_NGP,Tyr's Lost Unity Cuirass +,Chest Armor
05F2,,19389742E43908AD,KratosArmorChest_NifSpeedSet_Tier06_NGP,Ivaldi's Spaulders of Cursed Mist +,Chest Armor
05CE,,3A18A40C83CD028D,KratosArmorChest_MspTankSet_Tier06_NGP,Breastplate of Fallen Ash +,Chest Armor
060F,,4339AAC6C42CC83D,KratosArmorChest_Bonus02,Cuirass of Zeus,Chest Armor
05FE,,470E962672ED11FB,KratosArmorChest_NifDamageSet_Tier06_Reinforce1_NGP,Ivaldi's Pauldron of Deadly Mist + Lvl2,Chest Armor
0618,,503DAAC6C42CC83D,KratosArmorChest_Bonus03,Cuirass of Ares,Chest Armor
05FB,,68D6F7F70AC45EAF,KratosArmorChest_NifDamageSet_Tier06_NGP,Ivaldi's Pauldron of Deadly Mist +,Chest Armor
05AA,,7146293F025D7B0D,KratosArmorChest_ElementalSet_Tier06_NGP,Pauldron of the Ancients +,Chest Armor
05D7,,84A036FFDBBF522C,KratosArmorChest_MspSpeedSet_Tier06_NGP,Blazing Magma Pauldrons +,Chest Armor
05A1,,8D6E8A6B455995DE,KratosArmorChest_TravelerSet_Tier06_NGP,Breastplate of the Traveler +,Chest Armor
05E6,,9B293CAAA215AAAA,KratosArmorChest_MspDamageSet_Tier06_Reinforce2_NGP,Smoldering Brimstone Pauldron + Lvl3,Chest Armor
05C5,,AFF2BFC2A5CA57B4,KratosArmorChest_ValkyrieSet_Tier06_NGP,Cuirass of the Valkyrie +,Chest Armor
05BC,,BBA761DDCA1716E0,KratosArmorChest_HuldraSindriSet_Tier06_NGP,Sindri's Royal Dwarven Breastplate +,Chest Armor
05E9,,BD6FCA0302FD7F8C,KratosArmorChest_NifTankSet_Tier06_NGP,Ivaldi's Cuirass of Endless Mist +,Chest Armor
05E0,,E665EB2F70E2B243,KratosArmorChest_MspDamageSet_Tier06_NGP,Smoldering Brimstone Pauldron +,Chest Armor
05B3,,E98DAFCF68C32489,KratosArmorChest_HuldraBrokSet_Tier06_NGP,Brok's Royal Dwarven Breastplate +,Chest Armor
0601,,FC4A6863C5CF12FB,KratosArmorChest_NifDamageSet_Tier06_Reinforce2_NGP,Ivaldi's Pauldron of Deadly Mist + Lvl3,Chest Armor
0390,,3354AF5D0F477803,RuneCreator_Unique_Alfheim,Fragmented Heart of Alfheim,Enchantments
039C,,43AF176CDD226DD8,RuneCreator_Unique_T2ShopVitality,Symbol of Menace,Enchantments
039F,,5D18B5C7D67AEABC,RuneCreator_Unique_T2ShopLuck,Symbol of Shadows,Enchantments
039D,,6F69D7C517ABFDB2,RuneCreator_Unique_T2ShopCooldown,Symbol of Defiance,Enchantments
039E,,7AFEFAB3CCB10486,RuneCreator_Unique_T2ShopRunic,Symbol of Cunning,Enchantments
0398,,86FFDC20CB8A5DA6,RuneCreator_Unique_FrostResist_Focus,Frost Sigil of Focus,Enchantments
0397,,B6FD829180E5D94F,RuneCreator_Unique_FrostResist_Defense,Frost Sigil of Defense,Enchantments
03D6,,1F03AB1C949A4EC1,FrostSpecialAxeTossGlaive,Glaive Storm,Heavy Runic Attack
03E3,,3095967637756272,BladeSpecialMeteorSlam,Meteoric Slam,Heavy Runic Attack
03D4,,35806A9273F4C14F,FrostSpecialAxeWeaponBuff,Blessings of the Frost,Heavy Runic Attack
03CF,,44AD0EF36A158399,FrostSpecialAxeUpwardSlice,Thiazi's Talon,Heavy Runic Attack
03E4,,59167A92A8E7DE0E,BladeSpecialGrapple,Hyperion Grapple,Heavy Runic Attack
03D2,,604E917F898A28EB,FrostSpecialAxeFlurryChop,Frost Giant's Frenzy,Heavy Runic Attack
03DF,,856EF6EB3A3199C1,BladeSpecialTripleSlam,Tartarus Rage,Heavy Runic Attack
03E2,,88AA8CF0F74009AB,BladeSpecialHopSlam,Hyperion Slam,Heavy Runic Attack
03D3,,88B9EF167D651B08,FrostSpecialAxeGandalfSlam,Breath of Thamur,Heavy Runic Attack
03E1,,A7163C33FC25F3A6,BladeSpecialMine,Prometheus Flame,Heavy Runic Attack
03D5,,B7DCB3631BD80A21,FrostSpecialAxeRake,The River of Knives,Heavy Runic Attack
03E5,,FA5A87AD34B23178,BladeSpecialWeaponBuff,Gift of Apollo,Heavy Runic Attack
03D7,,0EC53F0DCE48F3A6,BladeSpecialSpin,Cyclone of Chaos,Light Runic Attack
03CD,,1913D59338C5DABA,FrostSpecialAxeSwipeCharge,Strike of the Utgard,Light Runic Attack
03DE,,26B0F5C05C9255C2,BladeSpecialShieldRush,Spartan Charge,Light Runic Attack
03D9,,74F94A8ABCC51F22,BladeSpecialTwirlBarrage,Rampage of the Furies,Light Runic Attack
03CA,,904949AD129DB393,FrostSpecialAxeTossRail,Leviathan's Wake,Light Runic Attack
03D8,,B6833EE677321140,BladeSpecialFireClap,Nemean Crush,Light Runic Attack
03DA,,BA47518CB740E7EF,BladeSpecialFlurryStab,Rage of the Titans,Light Runic Attack
03C9,,BC8FFE3336B81763,FrostSpecialAxeTossGrind,Tyr's Revenge,Light Runic Attack
03DC,,D3400FDC79A70075,BladeSpecialCross,Wrath of Artemis,Light Runic Attack
03CC,,DFE2BF0451280B21,FrostSpecialAxeBeam,Wrath of the Frost Ancient,Light Runic Attack
03DB,,EF560388B040E7EF,BladeSpecialFlurrySpin,Icarus Storm,Light Runic Attack
0000,,8A9A9B831CF67C9C,EconomyXP,Xp,Main
0116,,3926F91F998D0F89,MuspelheimCipherComplete,Muspelheim Cipher Complete,Quest
0115,,48ECF23EF868FBE4,MuspelheimCipherPiece,Muspelheim Cipher Piece,Quest
0074,,04BE0462249E0A4A,OblivionStone,Oblivion Stone,Resources
0013,,192F9FBDE664A1D1,GolemLoot,Ancient's Rubble,Resources
0088,,1CA69E73CB038362,RareMuspelheimLoot01,Crest Of Flame,Resources
012F,,1E0E64AC3296C6E7,HuldraArmorToken_Legs,Dragon's Fury,Resources
0008,,23822D3BDC66EFEB,ValkyrieLoot01,Gunnr's Helm,Resources
0091,,2E64F43320665D84,NiflheimRareLootB,Niflheim Alloy,Resources
0009,,30862D3BDC66EFEB,ValkyrieLoot02,Göndul's Helmet,Resources
005F,,337BFCFB3702D3FE,ReinforcementRare,Hardened Svaralfheim Steel,Resources
0132,,3832900B4A8A614B,ResurrectionRuneStoneC,Berserker's Resurrection Stone,Resources
0092,,3D60F43320665D84,NiflheimRareLootC,Haze Weave,Resources
000A,,419A2D3BDC66EFEB,ValkyrieLoot03,Gierdriful's Helmet,Resources
0094,,42C18C7CF2F1CBF9,NifTankArmor_Chest_Pattern,Invaldi's Rusted Armor,Resources
006C,,4A6D4AF7E1AB5EFE,TalismanReinforcement,Dust of Realms,Resources
0075,,4D2C6B433E5AB2FF,AsgardianSteel,Assgadian Steel,Resources
005D,,4FE77DD1948E3D8E,ReinforcementCommon,Soft Svartalfheim Steel,Resources
000B,,569E2D3BDC66EFEB,ValkyrieLoot04,Kara's Helmet,Resources
0085,,620152A93E74457A,GlacialCatalyst,Glacial Catalyst,Resources
000C,,67922D3BDC66EFEB,ValkyrieLoot05,Ròta's Helmet,Resources
0127,,6B0EABB6B6D677E3,TyrOffering,Offering To Týr,Resources
009D,,6B80848F5FE35279,PristineOre,Pristine Ore of the Realm,Resources
0089,,6DBA9E73CB038362,RareMuspelheimLoot02,Greater Creast Of Flame,Resources
000D,,74962D3BDC66EFEB,ValkyrieLoot06,Eir's Helmet,Resources
008A,,7EBE9E73CB038362,RareMuspelheimLoot03,Crest Of Surtr,Resources
000E,,85EB2D3BDC66EFEB,ValkyrieLoot07,Hildr's Helmet,Resources
0065,,888DE11A0DA6CFDC,BladesReinforcement,Chaos Flame,Resources
000F,,8AEF2D3BDC66EFEB,ValkyrieLoot08,Olrun's Helmet,Resources
0119,,8C1434E3B5953692,EntryStoneVolundr,Völunder Entry Stone,Resources
012E,,8EA4875CD3D4A902,HuldraArmorToken_Wrist,Screams of the Innocent,Resources
0007,,9E5240D27406E85A,Hacksilver,Hacksilver,Resources
0014,,A0B61B936085580F,EnhancedGolemLoot,Ancient's Heart,Resources
0090,,A3CE6E0F87FFC5BA,NiflheimCurrency,Mist Echoes,Resources
009E,,A79B11843BD21C83,PristineScales,Pristine Scales of the Realm,Resources
009C,,A8E93C8F4E499C12,PristineRuneDust,Pristine Dust of the Realm,Resources
007F,,A9AF08C297618440,PerfectAsgardianSteel,Perfect Asgadian Steel,Resources
006F,,AC739C21D3A7AE21,LeiptrAlloy,Leiptr Alloy,Resources
0087,,B5AFC7502B0020F2,CommonMuspelheimLoot01,Smoldering Ember,Resources
0071,,C5A343BFEE8A9121,EternalFrost,Eternal Frost,Resources
0131,,CB0E900B4A8A614B,ResurrectionRuneStoneB,Superior Resurrection Stone,Resources
006D,,CB1D354180871B19,HiltReinforcement1,World Serpent Scale fragmen,Resources
0093,,CC9FF43320665D84,NiflheimRareLootD,Aesirbane,Resources
009B,,CD91C4975E6A48A3,RuneDust,Enchanted Dust,Resources
006E,,D419354180871B19,HiltReinforcement2,World Serpent Scale,Resources
0012,,DA0183D7A35F3534,EnhancedTravelerLoot,Traveler's Armor Shard,Resources
012A,,DFF503853109158A,DragonScale,Dragon Tear,Resources
006A,,E563B049BAB288DB,NiflheimAxeReinforcement,Chilling Mists of Niflheim,Resources
0011,,E971165C164C2606,TravelerLoot,Traveler's Grisly Trophy,Resources
012D,,EC3F370D42DC5103,HuldraArmorToken_Chest,Ultimate Sacrifice,Resources
0060,,EDB4476E71735CC3,AxeReinforcement,Frozen Flame,Resources
0086,,F09A7E73AFAAF298,PureRealmEssence,Pure Essence of Realms,Resources
0015,,F54355FA3AB3C7FF,BoatLoot,Aegir's Gold,Resources
0072,,F581A75E12B05129,UnyieldingCinders,Unyielding Cinders,Resources
005E,,FB088C3FEA99CDF9,ReinforcementUncommon,Solid Svartalfheim Steel,Resources
012C,,FB449B06DD010C67,UB_Token,Corrupted Remnant,Resources
0073,,FCC6B87B4C8E41DC,UnstableOre,Unstable Ore,Resources
0010,,FFAE6FD160FBD7E9,ValkyrieLootQueen,Sigrun's Helmet,Resources
00A5,,3A2A5DF99702CC97,AlfheimArtifact,Ty'r shard,Rune
043A,,22E5D1EF84E329CF,SummonRatatoskr,Bitter Squirrel,Runic Summon
043C,,70B355885C873BEF,SummonSouls,Murder of Crows,Runic Summon
0437,,B5D25EE7DABFC516,SummonFenrir,Wrath of the Wolf,Runic Summon
043B,,E06600B6510C1790,SummonBoar,Boar Stampede,Runic Summon
0438,,FEDC303F510C1790,SummonBird,Falcon's Dive,Runic Summon
04E6,,29FE9E9220F3630E,Bestiary_Unlock_Draugr_Base,Barrier of the Fjörd,Shield
0604,,6CD1A5DC2E2ADA0D,KratosShield_NGP01,Aegis of Reconciliation,Shield
0126,,083AE03A3B543765,WitchLeftHand,Gullveig's Right Hand,Special Items
0120,,10E59A54A2B2CAB7,EntryStoneHTTK_LH,Konùnsgard Entry Stone,Special Items
0054,,12AB24BF8C1915F9,HuldraRunicBonus,Mark of the Dwarves,Special Items
011B,,16375B6AB6F7579B,EntryStoneForestDungeon,Fáfnir's Entry Stone,Special Items
0155,,1B7F1BA84084222C,MaxRageUpgradeDisplay_Card,Horn Of Blood Mead,Special Items
011A,,25169F5AFD9F8909,EntryStoneNiflheim,Niflheim Entry Stone,Special Items
011E,,2C748DD585B8F7CA,EntryStoneVikingFuneral,Vivarium Key Stone,Special Items
0050,,418F903C792C6B9C,DefenseBoatLoot,Yggdrasil's Dew of Defense,Special Items
008D,,45476D97ED4CF464,MspArenaKey03,Key of the Third,Special Items
0124,,459E86FFDF63EC88,WitchSkull,Gullveig's Skull,Special Items
0122,,48C97FD37B19B9B4,UB_BrothersScroll,Son's Scroll,Special Items
008E,,54436D97ED4CF464,MspArenaKey04,Key of the Fourth,Special Items
0125,,56DE9E82B974F402,WitchRightHand,Gullveig's Left Hand,Special Items
004F,,623486F325B97A3A,RunicBoatLoot,Yggdrasil's Dew of Runic Power,Special Items
008F,,634F6D97ED4CF464,MspArenaKey05,Key of the Fifth,Special Items
0128,,67EFBA01DB066059,EnchantersRing,Alchemist's Ring,Special Items
0052,,6A13DB1C163C952D,FocusBoatLoot,Yggdrasil's Dew of Cooldown,Special Items
0051,,6D92A12B3DC4A427,ResistanceBoatLoot,Yggdrasil's Dew of Vitality,Special Items
011C,,8735462019BF60D0,EntryStoneHuldra2,Landsuther Entry Stone,Special Items
012B,,9109028CCF19638A,DragonTooth,Dragon Tooth,Special Items
008B,,A77F6D97ED4CF464,MspArenaKey01,Key of the First,Special Items
0154,,B42DDFD1FBD3ED7E,MaxHealthUpgradeDisplay_Card,Iðunn Apple,Special Items
011D,,B439462019BF60D0,EntryStoneHuldra3,Northri Entry Stonee,Special Items
008C,,B67B6D97ED4CF464,MspArenaKey02,Key of the Second,Special Items
0121,,C700EF05F08CAB7B,KeyStone,Völunder Entry Stone,Special Items
004E,,CC1B3E5C878842B3,StrengthBoatLoot,Yggdrasil's Dew of Strength,Special Items
011F,,D60E97A2CC71B73B,EntryStoneHTTK,Konùnsgard Stronghold Entry Stone,Special Items
0130,,DA0A900B4A8A614B,ResurrectionRuneStoneA,Simple Resurrection Stone,Special Items
0129,,E85105A46B1D5F6E,AndvarisHammer,Andvaris Hammer,Special Items
0053,,F3CBC3D285BFB35D,LuckBoatLoot,Yggdrasil's Dew of Luck,Special Items
,,0B72D37F6DC3F0F0,,Defense,Stats Runes
,,48B6FD1AC0CB4E01,,Runic,Stats Runes
,,57B8D16AF17D1E01,,CoolDown,Stats Runes
,,7A00D0F01CCEAB3A,,Strength,Stats Runes
,,93E62C7A854C0000,,Luck,Stats Runes
,,CBC51FB77C16F8F3,,Vitality,Stats Runes
02E6,,0290AA0A3136E656,Perk_Utility_Focus_Mode,Talisman of Betrayal,Talisman
0638,,04751D0400B74642,KratosArmorTrinket_RageMode_NGP,Talisman of Eternal Fury +,Talisman
02FB,,0A59274D44AA738A,KratosArmorTrinket_CurseActivation_Reinforce1,Talisman of Cursed Power Lvl2,Talisman
064F,,0E0D7DB7CDB752C9,KratosArmorTrinket_FrostActivation_Reinforce2_NGP,The Charm of Infinite Storms + Lvl3,Talisman
02BA,,1200A4C95B38F3A5,Perk_Defense_OnTakeDamage_Rage,Berserker's Rage Burst,Talisman
0631,,1491F30166528A57,Perk_Utility_Focus_Mode_NGP,Talisman of Betrayal +,Talisman
02F7,,198682D65001AF49,KratosArmorTrinket_Valkyrie,Talisman of the Realms,Talisman
02FE,,1ECE3AE26E8A2654,KratosArmorTrinket_FrostActivation,The Charm of the Infinite Storms,Talisman
0300,,2037B5D33741EC53,KratosArmorTrinket_FrostActivation_Reinforce2,The Charm of the Infinite Storms Lvl3,Talisman
0646,,271C76C13066B647,KratosArmorTrinket_Gauntlet_Reinforce2_NGP,Shattered Gauntlets of Ages + Lvl3,Talisman
02FD,,2C51274D44AA738A,KratosArmorTrinket_CurseActivation_Reinforce3,Talisman of Cursed Power Lvl4,Talisman
02CC,,2D2651270E0C8288,KratosArmorTrinket_RageMode,Talisman of Eternal Fury,Talisman
063D,,30AE70F8BF49F6DF,Perk_Talisman_WeaponSpecials_Runic_Reinforce2_NGP,Talisman of Unbound Potential + Lvl3,Talisman
063E,,3195542DDAE528EE,Perk_Talisman_Muspelheim_NGP,Sinmara's Cinder +,Talisman
0301,,3733B5D33741EC53,KratosArmorTrinket_FrostActivation_Reinforce3,The Charm of the Infinite Storms Lvl4,Talisman
02F6,,3AD8EA87E095EEDB,KratosArmorTrinket_Gauntlet_Reinforce2,Shattered Gauntlets of Ages Lvl3,Talisman
02FC,,3B55274D44AA738A,KratosArmorTrinket_CurseActivation_Reinforce2,Talisman of Cursed Power Lvl3,Talisman
00A0,,3BB0256E5DD3A455,VikingHorn,Horn of Heimdall,Talisman
0639,,3C13973CFF655B97,KratosArmorTrinket_RageMode_Reinforce1_NGP,Talisman of Eternal Fury + Lvl2,Talisman
02B6,,40180FF5197B2B67,Perk_Defense_OnParry_DefenseBuff,Duelist's Defense,Talisman
0629,,44C4565F57AD8B0C,Perk_Utility_JustEvade_Slowdown_NGP,Amulet of Kvasir +,Talisman
0625,,48A0B71F6E909F8C,KratosArmorTrinket_Parry_NGP,Golden Talisman of Protection +,Talisman
064A,,49F1D40E6AAB424F,KratosArmorTrinket_CurseActivation_NGP,Talisman of Cursed Power +,Talisman
02F5,,4BC4EA87E095EEDB,KratosArmorTrinket_Gauntlet_Reinforce1,Shattered Gauntlets of Ages Lvl2,Talisman
02FF,,512BB5D33741EC53,KratosArmorTrinket_FrostActivation_Reinforce1,The Charm of the Infinite Storms Lvl2,Talisman
0645,,5704993229804047,KratosArmorTrinket_Gauntlet_Reinforce1_NGP,Shattered Gauntlets of Ages + Lvl2,Talisman
02B2,,5EEA717183EACF25,Perk_Defense_OnBlock_Rage_Flat,Idol of Patience,Talisman
02DE,,6279352599724035,Perk_Utility_JustEvade_Slowdown,Amulet of Kvasir,Talisman
064D,,713F437C5EA033F8,KratosArmorTrinket_FrostActivation_NGP,The Charm of Infinite Storms +,Talisman
02BF,,7CE0F7A8904A3506,Perk_Kill_Any_OffenseBuff,Slayer's Strength,Talisman
02B7,,7D29C4A8140BCE11,Perk_Defense_OnParry_OffenseBuff,Duelist's Strength,Talisman
02FA,,7EBB95484934C5D3,KratosArmorTrinket_CurseActivation,Talisman of Cursed Power,Talisman
063B,,7FB3A5A9283AE702,Perk_Talisman_WeaponSpecials_Runic_NGP,Talisman of Unbound Potential +,Talisman
0644,,84E92975FF73206B,KratosArmorTrinket_Gauntlet_NGP,Shattered Gauntlet of Ages +,Talisman
063A,,84FB867D6FA66797,KratosArmorTrinket_RageMode_Reinforce2_NGP,Talisman of Eternal Fury + Lvl3,Talisman
0641,,870C3AEC9AB51BEF,Perk_Talisman_Niflheim_NGP,Hvergelmir Stone +,Talisman
02CE,,8DF283CF1FD6AADD,KratosArmorTrinket_RageMode_Reinforce2,Talisman of Eternal Fury Lvl3,Talisman
02BE,,8EAE8754002F2E2A,Perk_Kill_Freeze_HealthDrain,Memento of the Stolen Soul,Talisman
063C,,8EE589A237AA26DF,Perk_Talisman_WeaponSpecials_Runic_Reinforce1_NGP,Talisman of Unbound Potential + Lvl2,Talisman
02F4,,8FB6A50C43341D4C,KratosArmorTrinket_Gauntlet,Shattered Gauntlet of Ages,Talisman
0621,,933A6B47A628A38C,KratosArmorTrinket_HealthBurst_NGP,Talisman of Concentrated Vitality +,Talisman
02C0,,9A13F69865025905,Perk_Kill_Any_RunicBuff,Slayer's Runic,Talisman
02D2,,AA989758EA18036C,Perk_Talisman_WeaponSpecials_Runic,Talisman of Unbound Potential,Talisman
064E,,AE6A5A5EA8E0B5C9,KratosArmorTrinket_FrostActivation_Reinforce1_NGP,The Charm of Infinite Storms + Lvl2,Talisman
02E8,,AFE1B49AEDCBD297,Perk_Utility_Focus_Mode_Reinforce2,Talisman of Betrayal Lvl3,Talisman
02EB,,B8522B290554A5E6,Perk_Talisman_Muspelheim,Sinmara's Cinder,Talisman
02EA,,B90390F1A2A87407,Perk_Quest_TyrTalisman,Tyr's Talisman,Talisman
00A4,,B99A0B02F76B5ECB,ShipHead,Talisman of Unbound Potential,Talisman
02CD,,BCFE83CF1FD6AADD,KratosArmorTrinket_RageMode_Reinforce1,Talisman of Eternal Fury Lvl2,Talisman
02BB,,C12D30B0FC185861,Perk_Defense_OnTakeDamage_DefenseBuff,Berserker's Defense,Talisman
02F1,,C1D6792D5FA93FA9,KratosArmorTrinket_EmpoweringRift,Aegir's Protection,Talisman
02C3,,D53D7A3FA55E1570,Perk_Kill_Any_HealthDrain,Killer's Restoration,Talisman
02D5,,D6550F9962A4F773,Perk_Talisman_WeaponSpecials_Runic_Reinforce3,Talisman of Unbound Potential Lvl4,Talisman
02E7,,DCFDB49AEDCBD297,Perk_Utility_Focus_Mode_Reinforce1,Talisman of Betrayal Lvl2,Talisman
02D4,,E1590F9962A4F773,Perk_Talisman_WeaponSpecials_Runic_Reinforce2,Talisman of Unbound Potential Lvl3,Talisman
02B0,,E312F8DA41CD9972,Perk_Defense_OnBlock_Cooldown,Defender's Cooldown,Talisman
064B,,E401870A614956ED,KratosArmorTrinket_CurseActivation_Reinforce1_NGP,Talisman of Cursed Power + Lvl2,Talisman
0647,,E53F4D938450C67B,KratosArmorTrinket_Valkyrie_NGP,Talisman of the Realms +,Talisman
02D3,,F05D0F9962A4F773,Perk_Talisman_WeaponSpecials_Runic_Reinforce1,Talisman of Unbound Potential Lvl2,Talisman
0635,,F071B3ED6F7C3571,KratosArmorTrinket_EmpoweringRift_NGP,Aegiers Protection +,Talisman
064C,,F823540335570EED,KratosArmorTrinket_CurseActivation_Reinforce2_NGP,Talisman of Cursed Power + Lvl3,Talisman
05DF,,0955C45DFB340D68,KratosArmorLegs_MspSpeedSet_Tier06_Reinforce2_NGP,Blazing Magma War Belt + Lvl3,Waist Armor
05BB,,09F7B5C3C704D4E6,KratosArmorLegs_HuldraBrokSet_Tier06_Reinforce2_NGP,Brok's Royal Dwarven Waist Guard + Lvl3,Waist Armor
0608,,112223BC9F1A3F0C,KratosArmorLegs_Bonus01,Cod of War Underbelly-Guard,Waist Armor
05EB,,1162EA4E003416D5,KratosArmorLegs_NifTankSet_Tier06_NGP,Ivaldi's War Belt of Endless Mist +,Waist Armor
0611,,222E23BC9F1A3F0C,KratosArmorLegs_Bonus02,War Belt of Zeus,Waist Armor
05B5,,23FD2756D556F8E3,KratosArmorLegs_HuldraBrokSet_Tier06_NGP,Brok's Royal Dwarven Waist Guard +,Waist Armor
061A,,332A23BC9F1A3F0C,KratosArmorLegs_Bonus03,War Belt of Ares,Waist Armor
05B8,,3860F18E0BB0F1E6,KratosArmorLegs_HuldraBrokSet_Tier06_Reinforce1_NGP,Brok's Royal Dwarven Waist Guard + Lvl2,Waist Armor
05A3,,41C7CD68A1D0CAC1,KratosArmorLegs_TravelerSet_Tier06_NGP,War Belt of the Traveler +,Waist Armor
05E2,,56F2232DCE4D0786,KratosArmorLegs_MspDamageSet_Tier06_NGP,Smoldering Brimstone Battle Belt +,Waist Armor
05D0,,5A512A4F0C0C9CBD,KratosArmorLegs_MspTankSet_Tier06_NGP,War Belt of Fallen Ash +,Waist Armor
0610,,6AD139EBB39080CB,KratosArmorWrist_Bonus02,Gauntlets of Zeus,Waist Armor
05DC,,7CB7B8053A7D4868,KratosArmorLegs_MspSpeedSet_Tier06_Reinforce1_NGP,Blazing Magma War Belt + Lvl2,Waist Armor
05A6,,7E310F93BDFA33D8,KratosArmorLegs_TravelerSet_Tier06_Reinforce1_NGP,War Belt of the Traveler + Lvl2,Waist Armor
05A9,,82CD8A2EF1DC1DDB,KratosArmorLegs_TravelerSet_Tier06_Reinforce2_NGP,War Belt of the Traveler + Lvl3,Waist Armor
05FD,,8DD97E40D3B6EAB5,KratosArmorLegs_NifDamageSet_Tier06_NGP,Ivaldi's Belt of Deadly Mist,Waist Armor
05D9,,C013B73E9C655971,KratosArmorLegs_MspSpeedSet_Tier06_NGP,Blazing Magma War Belt +,Waist Armor
05F4,,C33C1B5FDA5131B3,KratosArmorLegs_NifSpeedSet_Tier06_NGP,Ivaldi's War Belt of Cursed Mist +,Waist Armor
05C6,,0C80E56D2C8192AA,KratosArmorWrist_ValkyrieSet_Tier06_NGP,Gauntlets of the Valkyrie +,Wrist Armor
059D,,1945D3F429CFBAF9,KratosArmorLegs_TyrSet_Tier06_Reinforce1_NGP,Tyr's Lost Unity Belt + lvl2,Wrist Armor
0619,,19CD39EBB39080CB,KratosArmorWrist_Bonus03,Gauntlets of Ares,Wrist Armor
0599,,223F019E1CC9E6F8,KratosArmorWrist_TyrSet_Tier06_NGP,Týr's Lost Unity Gauntlets +,Wrist Armor
05BD,,36E9E763AF13FC6A,KratosArmorWrist_HuldraSindriSet_Tier06_NGP,Sindri's Royal Dwarven Gauntlets +,Wrist Armor
05E7,,5457ADC826C74820,KratosArmorWrist_MspDamageSet_Tier06_Reinforce2_NGP,Smoldering Brimstone Gauntlets + Lvl3,Wrist Armor
05A2,,59492BB54675754B,KratosArmorWrist_TravelerSet_Tier06_NGP,Gauntlets of the Traveler +,Wrist Armor
05A0,,744BD8DBE441A1F9,KratosArmorLegs_TyrSet_Tier06_Reinforce2_NGP,Tyr's Lost Unity Belt + Lvl3,Wrist Armor
05EA,,7C55C3512E9C6215,KratosArmorWrist_NifTankSet_Tier06_NGP,Ivaldi's Gauntlets of Endless Mist +,Wrist Armor
05AC,,AAB738FBB6B10E65,KratosArmorLegs_ElementalSet_Tier06_NGP,Belt of the Ancients +,Wrist Armor
05CF,,BAA08F3B4B14F1EC,KratosArmorWrist_MspTankSet_Tier06_NGP,Gauntlets of Fallen Ash +,Wrist Armor
059A,,C0F8B723A5AC8F49,KratosArmorLegs_TyrSet_Tier06_NGP,Tyr's Lost Unity Belt +,Wrist Armor
05E4,,C1FDA6CCD0F54420,KratosArmorWrist_MspDamageSet_Tier06_Reinforce1_NGP,Smoldering Brimstone Gauntlets + Lvl2,Wrist Armor
05E1,,D1AF59C419586978,KratosArmorWrist_MspDamageSet_Tier06_NGP,Smoldering Brimstone Gauntlets +,Wrist Armor
05AB,,E06A2253D1598514,KratosArmorWrist_ElementalSet_Tier06_NGP,Gauntlet of the Ancients +,Wrist Armor
05FC,,E0D75157BF5CDFE6,KratosArmorWrist_NifDamageSet_Tier06_NGP,Ivaldi's Gauntlets of Deadly Mist +,Wrist Armor
05D8,,E39F3DE7E2774709,KratosArmorWrist_MspSpeedSet_Tier06_NGP,Blazing Magma Wrappings +,Wrist Armor
05B1,,F43857D7FFE6D77C,KratosArmorWrist_ElementalSet_Tier06_Reinforce2_NGP,Gauntlet of the Ancients + Lvl3,Wrist Armor
038C,,001BC26913AD0E11,RuneCreator_Unique_Jotunnheim,,
0444,,00645307046B9D1B,Tryptich_Hrungnir,,
01E6,,01075A903169833A,KratosArmorWrist_TankSet_Tier04_Reinforce1,,
0313,,011C26361D05E0C5,Perk_Weapon_Muspelheim_Reinforce1,,
0441,,01203C1867679A33,Bow_Skill_Deftness_Tier01,,
0322,,0155B979542522FA,WeaponComponent_NifleheimSpecial02_Reinforce1,,
02BD,,0190E133DBB22A92,Perk_Flat_Resist_DarkOne,,
017F,,01C585B724DE4ECF,KratosShield_03,,
0133,,024373073A80CFB5,ResurrectionStoneFlag,,
0500,,02574841E6994B6C,Bestiary_Unlock_DarkOne_Summoner,,
00D1,,02995D3E155A6D80,DisplayNorseMaskGroot,,
0568,,02BEA503DD3FDDC1,Bestiary_Unlock_Magni,,
01DE,,02C6B728B20BAABF,KratosArmorLegs_DamageSet_Tier03_Reinforce1,Metal-Plated Waist Guard Lv2,
04B3,,02DEA2EBE73CA0EA,DodgeRoll_Tutorial,,
05C8,,034E0E56E98107CA,KratosArmorChest_ValkyrieSet_Tier06_Reinforce1_NGP,,
0357,,03683B87DA0C59C4,WeaponComponent_Blades_OnDamage_ProcFire_Reinforce2,,
01B1,,03B69E7F892E080F,KratosArmorLegs_TankSet_Tier02_Reinforce1,Viken Waist Guard Lv2,
028C,,03F10995E01F2DB0,KratosArmorLegs_NifDamageSet_Tier06_Reinforce2,,
0540,,03F91ED6F3C55151,Bestiary_Unlock_FreyaBrood,,
0031,,04051430A99EDA6B,EnhancedTravelerLoot_Tracker6,,
0503,,04A68949E39E0C3A,Bestiary_Unlock_DarkOne_Base_Tip_01,,
0118,,04F506B8591A794C,NiflheimCipherComplete,,
04E5,,05108384E2283557,Bestiary_Unlock_Seidr_Traveler_Champion_Tip_02,,
04BD,,05557342636A4207,WeaponSpecials_Tutorial,,
01E8,,05558D3ED9723F16,KratosArmorChest_TankSet_Tier04_Reinforce2,,
058C,,059F3EB0001F2E88,RIVER_VALKYRIE_RUNE,,
0603,,05BCC100275DD20C,KratosArmorLegs_NifDamageSet_Tier06_Reinforce2_NGP,,
0358,,05C0C9F6A096C4B9,WeaponComponent_Blades_OnDamage_ProcBomb,,
04B8,,05D9937F9813DCFA,BreakBlock_Tutorial,,
02B1,,06674D80145D525D,Perk_Defense_OnBlock_Rage,,
03B1,,06A42A4FF675BB2B,RuneCreator_Unique_BladeWeaponSpecial04,,
02DA,,06B5E254F92DA74C,KratosArmorTrinket_Parry,,
04F3,,06DE4F101DB710D1,Bestiary_Unlock_Draugr_Shield_Tip_02,,
056A,,06EF36E12C9B9D92,Bestiary_Unlock_Otr,,
0360,,0782E420B4630E4F,WeaponComponent_Blades_OnKill_OffenseBuff_Reinforce2,,
00F7,,078C72ADA5FEBC4E,DisplayCupHandle,,
01DA,,07A9B048DC097627,KratosArmorWrist_DamageSet_Tier03,Metal-Plated Bracers,
0525,,07B90D6E0A850E25,Bestiary_Unlock_Revenant_Poison,,
016A,,07C3A26391E1E762,PeaksPassMarker,,
0656,,07DE698EB81F9FF0,Perk_Offense_OnMeleeDamage_ProcLightning_Reinforce2_NGP,,
04B2,,07E8E68668793931,Arrows_Tutorial,,
017A,,07EC2B7F6E4CB9CD,KratosArmorWrist_PreOrder_Tier01,,
0207,,082DA4DF8332E65F,KratosArmorWrist_SpeedSet_Tier05_Reinforce1,,
0400,,08421C392BBFA692,Axe_RageMode_Upgrade_L2,,
037D,,088A3223FC045E9F,Perk_Flat_OnKill_Rage_Reinforce1,,
0547,,0894708731669A7E,Bestiary_Unlock_Wolf_Feral_Tip_01,,
0254,,08B7FB5E61F4F329,KratosArmorChest_ValkyrieSet_Tier06_Reinforce2,,
04DC,,08C240798ED3190F,Bestiary_Unlock_Seidr_Bandit_Tip_01,,
0100,,09087D2733B79A2D,HornHandle,,
044E,,09280E028E894AAD,Tryptich_Groa,,
0381,,096C74971C0C5EA6,Perk_Offense_AxeHeavyHold_RunicBuff_Reinforce2,,
02D9,,09C69151744FEB59,KratosArmorTrinket_HealthBurst_Reinforce3,,
051C,,0A2F16F93A5CB6F8,Bestiary_Unlock_Nightmare_Blind_Tip_01,,
0688,,0A3A94342646B8B8,RuneCreator_Unique_Protection_NGP,,
056C,,0A7CFA99956B2847,Bestiary_Unlock_Fafnir,,
0097,,0AE62C2440540261,NiflheimArmorQuestStarted,,
0111,,0AF158E29620C383,DisplayBroochNeedle,,
0642,,0B050822F318A77C,Perk_Talisman_Niflheim_Reinforce1_NGP,,
02AC,,0B54FC6EE0A0EF81,ReinforcementBlades_Tier02,,
0079,,0BA22E3FCAF55223,AsgardianSteel_Tracker4,,
03C2,,0BCC5FC24775FECD,RuneCreator_Tier06_Legendary_Condition,,
00B7,,0BD3C4A0FFEE9339,DisplayLostToyBoat,,
04C7,,0C28F8059A63685B,Bestiary_Unlock_Hel_Brawler,,
01F7,,0C6EE75718B3EA09,KratosArmorChest_DamageSet_Tier04_Reinforce1,,
0600,,0CA259DA1DDEE80C,KratosArmorLegs_NifDamageSet_Tier06_Reinforce1_NGP,,
0617,,0CA6088AFB44C001,KratosArmorLegs_Bonus02_Reinforce2,,
0492,,0CE9FA49ED7D053A,UB03_Hilt_Lore,,
0032,,0CFF1530A99EDA6B,EnhancedTravelerLoot_Tracker7,,
0514,,0D0CCA06EEDED4C3,Bestiary_Unlock_Nightmare_Possess_Tip_02,,
025D,,0D258C4F7F2AD532,KratosArmorChest_MspTankSet_Tier06_Reinforce2,,
01EE,,0D7FEA57219752F7,KratosArmorChest_SpeedSet_Tier04_Reinforce1,,
00B3,,0D943A521FD6DA90,LostToyHorse,,
0383,,0DFCD1BAD41D9C2E,Perk_Offense_AxeHeavyHold_OffenseBuff_Reinforce1,,
04C2,,0E32ADB5FFFFE68B,Bestiary_Unlock_Hel_Walker_Reveal,,
03C4,,0E4B66A39FBC25DD,RuneCreator_Tier07_Epic_Condition,,
0323,,0E59B979542522FA,WeaponComponent_NifleheimSpecial02_Reinforce2,,
055A,,0EADF28A635B7662,Bestiary_Unlock_Ancient_SoulEater,,
00B0,,0EF526992307D421,LostToySpearGuy,,
0541,,0FCEA56D374447C4,Bestiary_Unlock_Projection_Brood_Tip_01,,
0377,,0FD5A13077ED20B3,Perk_Throw_OnHeadshot_Runic_Reinforce1,,
061C,,0FD6ED8826B7B7CF,KratosArmorWrist_Bonus03_Reinforce1,,
0498,,0FD8651D4B7B921C,JotunheimScroll_Lore,,
0472,,101E73B627DFE8D2,CAL_500_Lore_01,,
04B5,,105E078BDD30AE01,RageMode_Tutorial,,
054E,,106DEAAADF0CB4AB,Bestiary_Unlock_Wulver_Speed_Tip_02,,
05B7,,107775B3EE700F1F,KratosArmorWrist_HuldraBrokSet_Tier06_Reinforce1_NGP,,
0158,,10D1EF1A17D3B375,SonKnifeUnlock,,
0289,,10F50995E01F2DB0,KratosArmorLegs_NifDamageSet_Tier06_Reinforce1,,
035B,,10F9958822557C25,WeaponComponent_Blades_OnLaunch_OffenseBuff,,
0506,,10FD83601101EFDC,Bestiary_Unlock_DarkOne_Warrior_Tip_02,,
0524,,1106CFE67F4C1882,Bestiary_Unlock_Ogre_Charger_Tip_02,,
0105,,111C60DBA928E33E,DisplayHornHorse,,
054F,,1177E85BD4BCADFF,Bestiary_Unlock_Wulver_Power_Tip_01,,
01E1,,11C2B728B20BAABF,KratosArmorLegs_DamageSet_Tier03_Reinforce2,Metal-Plated Waist Guard Lv3,
0667,,11FCB18407DFB384,WeaponComponent_NifleheimSpecial02_Reinforce1_NGP,,
00CE,,120D1730FE4ACD38,DisplayNorseMaskNoBeard,,
00A2,,122D53626A9BE338,Brooch,,
02E2,,1265E2B3E66AD3BB,Perk_Defense_OnBlock_ActiveAbsorb,,
057C,,126E09539F237D49,EPIC_RUNE_LOW_HEALTH,,
049B,,128588643CC14080,ShipwreckIsland_Lore,,
021B,,12D59E30CAE5761D,KratosArmorChest_DamageSet_Tier06,Mythic Pauldron on Arcane Might,
0279,,13105F6E667F2326,KratosArmorWrist_NifTankSet_Tier06_Reinforce2,,
0239,,1330C4B2E875E0AA,KratosArmorChest_TravelerSet_Tier06_Reinforce2,,
04D8,,136FCE4A032C58A3,Bestiary_Unlock_Hel_Brawler_Tip_01,,
01E7,,1399E9D21C188A5F,KratosArmorLegs_TankSet_Tier04_Reinforce1,,
052F,,13F32B25B2750F2B,Bestiary_Unlock_Tatzelwurm_Stinger,,
029E,,13F51822B665B22D,SonArmorDLC01,,
0376,,1406EFCAAC6C8585,Perk_Throw_OnHeadshot_Runic,,
0554,,141A0287561CE676,Bestiary_Unlock_Gondul,,
035C,,14391E4CC68F3082,WeaponComponent_Blades_OnLaunch_OffenseBuff_Reinforce1,,
0356,,146C3B87DA0C59C4,WeaponComponent_Blades_OnDamage_ProcFire_Reinforce1,,
0030,,15011430A99EDA6B,EnhancedTravelerLoot_Tracker5,,
03F1,,152FB3836A1BEDBE,Axe_Tier01_ParryAttack_Heavy,,
0418,,153A7C8217622A4C,Blades_Tier01_Bare_Node01_SubNode01,,
01C6,,155E83E32A04579B,KratosArmorLegs_DamageSet_Tier02_Reinforce2,Wolfskin Waist Guard Lv3,
05D2,,15853D7D8A9EFF5F,KratosArmorWrist_MspTankSet_Tier06_Reinforce1_NGP,,
0504,,15A28949E39E0C3A,Bestiary_Unlock_DarkOne_Base_Tip_02,,
0562,,15F546F29C5B2E09,Bestiary_Unlock_Brok,,
05A4,,16141DF1F508AB05,KratosArmorChest_TravelerSet_Tier06_Reinforce1_NGP,,
04E4,,16148384E2283557,Bestiary_Unlock_Seidr_Traveler_Champion_Tip_01,,
035F,,1686E420B4630E4F,WeaponComponent_Blades_OnKill_OffenseBuff_Reinforce1,,
01F5,,16ADB048DC097627,KratosArmorWrist_DamageSet_Tier04,Dwarven Runic Gauntlets,
0006,,16C2167F0D7E56B1,SonQuiver,,
0417,,1715D95388FBFADC,Blades_Tier01_Toss_Light_Upgrade,,
04A8,,1736B66493F9EC46,InnerLight_Lore,,
03B0,,17A02A4FF675BB2B,RuneCreator_Unique_BladeWeaponSpecial03,,
04F2,,17DA4F101DB710D1,Bestiary_Unlock_Draugr_Shield_Tip_01,,
051A,,17DB5FF211F17A9C,Bestiary_Unlock_Nightmare_Ice_Tip_01,,
00CB,,17FA1AE08D8EEF37,DisplayNorseMaskReptile,,
03A1,,181F9103281852F6,RuneCreator_Tier03_Common_One_Stat,,
019A,,18287F5181DE8A03,KratosArmorChest_SpeedSet_Tier01_Reinforce,,
001C,,188CEF8BFE1E82F5,EnhancedGolemLoot_Tracker1,,
007A,,18A62E3FCAF55223,AsgardianSteel_Tracker5,,
049E,,18C737B6DD09537B,WhatOdinWants1_Lore,,
03C8,,18CC5ACF13806F4C,FrostSpecialAxeSweep,,
0291,,19525D6AA1DB012C,SonArmorSpeed01,Basic Sharpshooter Guard,
0003,,19682628084AEA38,Blades,UnlockBladeSlot,
05A5,,1977B4C4B2E0E102,KratosArmorWrist_TravelerSet_Tier06_Reinforce1_NGP,,
032A,,1996EF47AB4F57AE,WeaponComponent_Axe_Valkyrie01_Reinforce1,,
04CA,,19E2B9CA46849ABB,Bestiary_Unlock_Seidr_Fanatic,,
050E,,19F1981DEE2780F3,Bestiary_Unlock_Nightmare_Suicide,,
02AD,,1A50FC6EE0A0EF81,ReinforcementBlades_Tier03,,
0334,,1A6C284433D49CC8,WeaponComponent_Blades_Muspelheim01,,
026B,,1A76CC0EADAE855E,KratosArmorLegs_MspDamageSet_Tier06,Smoldering BHrimstone Battle Belt,
0460,,1AD2FEF7A88F9FB5,PP_720_Lore_01,,
0259,,1ADF32BFB6731B33,KratosArmorLegs_MspTankSet_Tier06,War Belt of Fallen Ash,
0157,,1AEEE86352596537,MaxRageUpgrade,Maximum Rage Increased,
04F7,,1AF0F8EC27F44BAE,Bestiary_Unlock_Draugr_Arm_Tip_02,,
0671,,1B0AE18B6C2C3AED,WeaponComponent_Axe_Valkyrie02_Reinforce2_NGP,,
051D,,1B2B16F93A5CB6F8,Bestiary_Unlock_Nightmare_Blind_Tip_02,,
0258,,1B5B958AEAA1D828,KratosArmorWrist_MspTankSet_Tier06,Gauntles of Fallen Ash,
00F4,,1B8D82FB1A5DEEEC,CupPintGlass,,
0558,,1B93844C1B6B2E09,Bestiary_Unlock_Rota,,
02DB,,1B97BFC1D3706C82,KratosArmorTrinket_Parry_Reinforce1,,
04D1,,1BA21ADB0919A58A,Bestiary_Unlock_Hel_Walker_Shield_Tip_02,,
05FF,,1BBD1F073D69741A,KratosArmorWrist_NifDamageSet_Tier06_Reinforce1_NGP,,
05D5,,1BE7CE1E0E85215F,KratosArmorWrist_MspTankSet_Tier06_Reinforce2_NGP,,
0513,,1C08CA06EEDED4C3,Bestiary_Unlock_Nightmare_Possess_Tip_01,,
017B,,1C153C3D1123C35A,KratosArmorLegs_PreOrder_Tier01,,
0378,,1CD1A13077ED20B3,Perk_Throw_OnHeadshot_Runic_Reinforce2,,
0384,,1CF8D1BAD41D9C2E,Perk_Offense_AxeHeavyHold_OffenseBuff_Reinforce2,,
03A2,,1D96267C24346CDC,RuneCreator_Tier04_Common_One_Stat,,
0650,,1DA47D06AF9111E1,WeaponComponent_Axe_AllStats_NGP,,
0484,,1DAF0C91E6134F0E,CAL_100_Lore_01,,
059E,,1DDED9F3EEF4A90C,KratosArmorChest_TyrSet_Tier06_Reinforce2_NGP,,
004D,,1DE71AA32D0C79F7,MuspRecipeTracker,,
0033,,1DFB1530A99EDA6B,EnhancedTravelerLoot_Tracker8,,
025A,,1E218C4F7F2AD532,KratosArmorChest_MspTankSet_Tier06_Reinforce1,,
029D,,1E583D180E1D3836,SonArmorBonus04,Tunic of the Champion,
030C,,1E68EE4A9FAD85A5,WeaponComponent_Axe_AllStats_Reinforce2,,
01F1,,1E7BEA57219752F7,KratosArmorChest_SpeedSet_Tier04_Reinforce2,,
013E,,1E8C505D355468DE,LostItemTutorial,,
0180,,1EC185B724DE4ECF,KratosShield_04,,
0226,,1ED0154D4647B5FC,KratosArmorLegs_TyrSet_Tier06_Reinforce1,,
017C,,1F0B470B60D483EF,KratosArmorTrinket_PreOrder,,
00F9,,1F1C970E7170BC68,DisplayCupGoblet,,
00BF,,1F3929D78712B4E6,NorseMaskReptile,,
0234,,1F3DC5026C9822A1,KratosArmorWrist_TravelerSet_Tier06,Gauntlets of the Traveler,
01AC,,1F5CE21201646AAF,KratosArmorChest_TankSet_Tier02,Viken Tunic,
0098,,1F983C124694F828,NiflheimArmorAcquired,,
00FC,,1FBB54A7CA5A8049,HornUShape,,
01C0,,1FC293CAFBFF3A1D,KratosArmorLegs_DamageSet_Tier02,Wolfskin Waist Guard,
0246,,1FE3CD5045FE6DAE,KratosArmorWrist_HuldraSindriSet_Tier06,Sindri’s Royal Dwarven Gauntlets,
04A6,,1FEF50DACF0B75CF,BladeDeflection_Lore,,
029B,,20503D180E1D3836,SonArmorBonus02,Vestment of the Hunter,
02A5,,2052FE9BAE78CFD7,ReinforcementQuiver_Tier03,,
00BB,,207974F091EE2CDA,NorseMaskCurlyBeard,,
0550,,207BE85BD4BCADFF,Bestiary_Unlock_Wulver_Power_Tip_02,,
0152,,2085C71C79E4ED7E,MaxHealthUpgradeDisplay_Menu,Maximum Rage Increased,
03AF,,20AC2A4FF675BB2B,RuneCreator_Unique_BladeWeaponSpecial02,,
051B,,20D75FF211F17A9C,Bestiary_Unlock_Nightmare_Ice_Tip_02,,
0620,,20E5E22CEFDF65C0,KratosArmorLegs_Bonus03_Reinforce2,,
0023,,20F0B9DBD9F07B2F,TravelerLoot_Tracker2,,
0401,,210D9E31404A6715,Axe_Tier01_Throw_CriticalThrowUpgrade,,
04B7,,2173FAE97D93962A,AxeRecall_Tutorial,,
020A,,21A1B048DC097627,KratosArmorWrist_DamageSet_Tier05,Gauntlets of the True Warrior,
0080,,21A2416B119A17E2,PerfectAsgardianSteel_Tracker1,,
00DD,,21A68F91C16A0EB3,DisplayShipHook,,
03F7,,21B00ABA638C02D1,Axe_Tier01_Momentum_Unlock_01,,
02A7,,21C41B327975AF5E,ReinforcementAxe_Tier02,,
00A6,,21E89C16C9C1FD26,DisplayNorseMask,,
034E,,222B1E3C84C373B2,WeaponComponent_Blades_OnHeadshot_OffenseBuff_Reinforce2,,
0236,,223CC4B2E875E0AA,KratosArmorChest_TravelerSet_Tier06_Reinforce1,,
04E3,,22E612BE0A61C4B7,Bestiary_Unlock_Seidr_Traveler_Tip_02,,
04DF,,22F2E2A9DFF6F7FD,Bestiary_Unlock_Seidr_Fanatic_Tip_02,,
040E,,22F6E4990D200795,Axe_Tier02_Melee_Node01_SubNode01,,
0364,,230FC508C0280379,Perk_Throw_OnHeadshot_HealthDrain,,
037B,,23339831F3CBEEE1,Perk_Flat_OnKill_HealthDrain_Reinforce2,,
054D,,2361EAAADF0CB4AB,Bestiary_Unlock_Wulver_Speed_Tip_01,,
0342,,23AEC61C80C16D7C,WeaponComponent_Blades_OnLaunch_Shield_Reinforce2,,
05EC,,23B8199CD407C9B4,KratosArmorChest_NifTankSet_Tier06_Reinforce1_NGP,,
017D,,23CD85B724DE4ECF,KratosShield_01,,
0675,,23D287FFCB336671,WeaponComponent_Blades_Muspelheim01_NGP,,
0209,,23D99E30CAE5761D,KratosArmorChest_DamageSet_Tier05,Pauldron of the True Warrior,
03FD,,247BF9392BBFA692,Axe_RageMode_Upgrade_R2,,
01EA,,2495E9D21C188A5F,KratosArmorLegs_TankSet_Tier04_Reinforce2,,
04F8,,24B980F10BC5F32D,Bestiary_Unlock_Draugr_Legs_Tip_01,,
0168,,24C9D206A8E79A41,FoothillsMarker,,
062D,,24F16CA904962E7F,Perk_Defense_OnBlock_ActiveAbsorb_NGP,,
0430,,2511CC5F445087C4,SonPerk_ShockArrow_SparkRate,,
0160,,2520E71A5BAF07F7,MasonDragon_Reveal,,
021F,,255ACDBC5295F2D7,KratosArmorWrist_DamageSet_Tier06_Reinforce1,,
0527,,25630D3F4E94EDB6,Bestiary_Unlock_Revenant_Ice,,
0262,,259382B983CE37AE,KratosArmorLegs_MspSpeedSet_Tier06,Blazing Magma War Belt,
002F,,260D1430A99EDA6B,EnhancedTravelerLoot_Tracker4,,
00EC,,26B67AD4903668FE,DisplayAlfheimCurvy,,
0689,,26FA272A8BF271FA,SkapSlag,,
00DC,,2709142D397F5788,DisplayShipSeaHorse,,
0159,,270A5CD13C2F1444,SonKnifeUnlock2,,
00C6,,27A60CE5EBFAE45B,DisplayNorseMaskStoneFace,,
0399,,27CEE7F371736FA3,RuneCreator_Unique_Valkyrie01,,
019E,,27D3C8424B312CAB,KratosArmorWrist_SpeedSet_Tier01_Reinforce_Reinforce1,,
0245,,27DCFB8D911D265A,KratosArmorChest_HuldraSindriSet_Tier06,Sindri’s Royal Dwarven Breastplate,
0456,,27E1353E674900C8,Tryptich_Thamur,,
041E,,2802D7CF94E2587D,Blades_Tier01_Melee_Evade_Forward,,
0369,,281282EECF295106,Perk_Throw_OnHeadshot_Cooldown_Reinforce2,,
0112,,28192404F466B97A,MuspBaseRecipes,,
04F4,,285A3018EE5FEFDB,Bestiary_Unlock_Draugr_Dual_Tip_01,,
03AD,,2876F00065A11AE2,RuneCreator_Unique_WeaponSpecial05,,
049A,,2898AE6BA3890DC9,LightOnesGone_Lore,,
0640,,28CF4C5DFCEB1B12,Perk_Talisman_Muspelheim_Reinforce2_NGP,,
0458,,28CFD1CF547C3BDD,Tryptich_Thrym,,
057E,,28D1B4E2E46A6B0E,LEGENDARY_RUNE_TAKE_DAMAG,,
04E7,,290DB77C399A09D6,Bestiary_Unlock_Draugr_2H,,
01FC,,292866482FC7EB12,KratosArmorLegs_DamageSet_Tier04_Reinforce2,,
0521,,29418BC60D5696BC,Bestiary_Unlock_Ogre_Basher_Tip_01,,
02AE,,295CFC6EE0A0EF81,ReinforcementBlades_Tier04,,
03C5,,297098FF474257BE,RuneCreator_Tier08_Epic_Condition,,
003F,,2991D51CE1934785,MaxHealth_Tracker10,,
0520,,299382D624ABA37A,Bestiary_Unlock_Ogre_Charger,,
0679,,2994F92F288C5964,WeaponComponent_Blades_OnDamage_ProcFire_Reinforce1_NGP,,
007B,,29AA2E3FCAF55223,AsgardianSteel_Tracker6,,
01D8,,29E6161613A435BA,KratosArmorLegs_SpeedSet_Tier03_Reinforce2,Scaled Waist Guard of Focus Lv3,
0184,,2A5D76E1BAD453BE,KratosShield_Pink,,
02D1,,2AF6A431E5F1ECD5,KratosArmorTrinket_RageGrab_Reinforce2,,
010C,,2AFE696C3EEC0637,BroochNeedle,,
0214,,2B66140A9368DF58,KratosArmorLegs_TankSet_Tier06_Reinforce1,,
0143,,2B7BD35C96676EE5,RiftTutorial,,
0061,,2C2EE7258ECCBC16,AxeReinforcement_Tracker1,,
0169,,2C32CB467E41E82B,AlfheimMarker,,
03A3,,2C4B0C600A9E0B59,RuneCreator_Unique_T4ShopVitality,,
03F3,,2C65D15BF7CDBBA1,Axe_Tier01_AxeEvadeAttack_Light,,
0526,,2C6C9DAAD1A98691,Bestiary_Unlock_Revenant_Spawner,,
042B,,2CBFD2A1BB8FCF35,SonPerk_LightArrow_Potency_Tier01,,
0317,,2CD00741BEB83472,Perk_Weapon_Niflheim_Reinforce2,,
0624,,2CF8503559C8E6B1,KratosArmorTrinket_HealthBurst_Reinforce3_NGP,,
004A,,2D0807EBA64C5EB2,MaxRage_Tracker10,,
0447,,2D47B5FF493ABE5D,Tryptich_Skadi_PostBoat,,
0096,,2D53D4C7E8C08A0B,NiflheimTearKey_Counter,,
0577,,2DF698920D92A081,RARE_RUNE_ON_KILL,,
053F,,2E48A92FBCD44FC8,Bestiary_Unlock_Projection_HelBrood,,
0292,,2E5E5D6AA1DB012C,SonArmorSpeed02,Superior Sharpshooter Garb,
051F,,2E74858BA18DB9F5,Bestiary_Unlock_Ogre_Basher,,
0034,,2EF71530A99EDA6B,EnhancedTravelerLoot_Tracker9,,
053C,,2F5B9F2B5C83E5B3,Bestiary_Unlock_Troll_Grendel_of_the_Ashes,,
030B,,2F64EE4A9FAD85A5,WeaponComponent_Axe_AllStats_Reinforce1,,
065C,,2F67583B29A44B2A,Perk_Offense_OnMeleeDamage_HealthDrain_Reinforce2_NGP,,
057D,,2F9C78CC1C1EDFBF,RARE_RUNE_TAKE_DAMAGE,,
0561,,2FAC9D93E26E0A59,Bestiary_Unlock_Ancient_Forest,,
01E9,,300B5A903169833A,KratosArmorWrist_TankSet_Tier04_Reinforce2,,
00D3,,300E903876C3ADCC,ShipSeaHorse,,
00C9,,300F5E150C75F970,DisplayNorseMaskStraightBeard,,
01D4,,306AD4751E3886D8,KratosArmorWrist_SpeedSet_Tier03_Reinforce1,Scaled Bracers of Focus Lv2,
021C,,30A5B048DC097627,KratosArmorWrist_DamageSet_Tier06,Mythic Gauntlets of Arcane Might,
017E,,30C985B724DE4ECF,KratosShield_02,,
01F4,,30DD9E30CAE5761D,KratosArmorChest_DamageSet_Tier04,Dwarven Runic Pauldron,
0274,,30E804469C78B951,KratosArmorLegs_NifTankSet_Tier06,Ivaldi'S War Belt of Infinite Mist,
0167,,30F3BDBB54846089,WaterDropMarker,,
0001,,311E1110BCAADB2A,kPickupRageMode,,
05E5,,31228DD103AE8989,KratosArmorLegs_MspDamageSet_Tier06_Reinforce1_NGP,,
01DD,,312A7B1EAB87B76B,KratosArmorWrist_DamageSet_Tier03_Reinforce1,Metal-Plated Bracers Lv2,
034D,,312F1E3C84C373B2,WeaponComponent_Blades_OnHeadshot_OffenseBuff_Reinforce1,,
029C,,31543D180E1D3836,SonArmorBonus03,Spartan Training Garb,
03AE,,31A82A4FF675BB2B,RuneCreator_Unique_BladeWeaponSpecial01,,
061D,,31E1E22CEFDF65C0,KratosArmorLegs_Bonus03_Reinforce1,,
0582,,321A10C4DD695DE3,EPIC_RUNE_CLEAVE,,
0606,,3225AAC6C42CC83D,KratosArmorChest_Bonus01,,
0595,,322FE9F18DD0FFF8,RUINS_GOLEM_REWARD,,
00CF,,32335F937E356D80,DisplayNorseMaskGhoul,,
037A,,32379831F3CBEEE1,Perk_Flat_OnKill_HealthDrain_Reinforce1,,
0402,,323FC9EB63E631BD,Axe_Tier01_Throw_PaintTargetUpgrade,,
01B4,,32BA9E7F892E080F,KratosArmorLegs_TankSet_Tier02_Reinforce2,Viken Waist Guard Lv3,
0469,,32EEDA94B7FDAAD9,RIV_475_Lore_03,,
02A4,,3356FE9BAE78CFD7,ReinforcementQuiver_Tier02,,
058A,,33AD9898FF6AB298,STONEMASON_VALKYRIE_RUNE,,
00AA,,33B1243ADC03764B,DisplayLostToy,,
04DE,,33F6E2A9DFF6F7FD,Bestiary_Unlock_Seidr_Fanatic_Tip_01,,
03FC,,34B466C925D6E299,Axe_RageMode_Upgrade_R1Mash,,
03A8,,34CAE7F371736FA3,RuneCreator_Unique_Valkyrie02,,
01A1,,34D7C8424B312CAB,KratosArmorWrist_SpeedSet_Tier01_Reinforce_Reinforce2,,
0583,,351CB76B48EBD854,RARE_RUNE_STATS,,
0261,,3522F4D2083E92E3,KratosArmorWrist_MspSpeedSet_Tier06,Blazing Magma Wrappings,
0114,,35D2EF9640531CD9,NifRecipes,,
04E2,,35E212BE0A61C4B7,Bestiary_Unlock_Seidr_Traveler_Tip_01,,
00E4,,35F3C405F209D5D6,AlfheimPendant,,
01DC,,362BDD3609B2F117,KratosArmorChest_DamageSet_Tier03_Reinforce1,Metal-Plated Shoulder Guard Lv2,
0459,,363748529F0A3011,Tryptich_Thrym_PostBoat,,
01E5,,36598D3ED9723F16,KratosArmorChest_TankSet_Tier04_Reinforce1,,
0509,,367A5E8E6948DC63,Bestiary_Unlock_DarkOne_Elite_Tip_01,,
0218,,36E5A57E0E44CF15,KratosArmorChest_SpeedSet_Tier06_Reinforce1,,
002E,,37091430A99EDA6B,EnhancedTravelerLoot_Tracker3,,
0415,,3759D9156FC99925,Blades_Tier01_Melee_Node01_SubNode04,,
05C0,,37719E73D8C5654C,KratosArmorWrist_HuldraSindriSet_Tier06_Reinforce1_NGP,,
0515,,38245439FF404249,Bestiary_Unlock_Nightmare_Fire_Tip_01,,
02AF,,3858FC6EE0A0EF81,ReinforcementBlades_Tier05,,
049D,,38646324F7EF168D,MimirTalksMagniModi_Lore,,
066D,,388D9E67C78CE241,WeaponComponent_Axe_Valkyrie01_Reinforce1_NGP,,
057A,,38A212DFBAF0E569,RARE_RUNE_LOW_HEALTH,,
03AC,,3972F00065A11AE2,RuneCreator_Unique_WeaponSpecial04,,
0251,,39BBFB5E61F4F329,KratosArmorChest_ValkyrieSet_Tier06_Reinforce1,,
019C,,39F888F5377C1DD1,KratosArmorLegs_SpeedSet_Tier01_Reinforce,,
0494,,3A7138A5BF9BE81D,AsgardScroll_Lore,,
0475,,3AA409E1EA6C1207,SM_600_Lore_01,,
01D5,,3AE2161613A435BA,KratosArmorLegs_SpeedSet_Tier03_Reinforce1,Scaled Waist Guard of Focus Lv2,
0496,,3B16998D014B7837,VanaheimScroll_Lore,,
02D6,,3B2CC27B5F2CB336,KratosArmorTrinket_HealthBurst,,
03FF,,3B4E1C392BBFA692,Axe_RageMode_Upgrade_L1,,
04F5,,3B5E3018EE5FEFDB,Bestiary_Unlock_Draugr_Dual_Tip_02,,
058B,,3B6DEA640FF573C7,PEAKS_VALKYRIE_RUNE,,
0548,,3B98708731669A7E,Bestiary_Unlock_Wolf_Feral_Tip_02,,
042C,,3BBBD2A1BB8FCF35,SonPerk_LightArrow_Potency_Tier02,,
00EE,,3C0870A87D2CBB10,DisplayAlfheimHook,,
0324,,3C551FC561E222DF,WeaponComponent_Axe_Default,,
022C,,3C79C7AEF5C790E1,KratosArmorLegs_ElementalSet_Tier06,Belt of the Ancients,
0687,,3CACEA8D28B756B4,RuneCreator_Unique_Kvasir_NGP,,
05EE,,3CBDAF20458040BB,KratosArmorLegs_NifTankSet_Tier06_Reinforce1_NGP,,
04A2,,3CC171EDA0CFFFE1,OldestEnemies_Lore,,
0253,,3D2F83E5CB1108A1,KratosArmorLegs_ValkyrieSet_Tier06_Reinforce1,,
044C,,3D84E71F05CF84FA,Tryptich_Bergelmir,,
0614,,3DAA088AFB44C001,KratosArmorLegs_Bonus02_Reinforce1,,
0560,,3DDBFE4E5778EDD7,Bestiary_Unlock_Ancient_Stone,,
004B,,3E0C07EBA64C5EB2,MaxRage_Tracker11,,
00CA,,3E6A688903306180,DisplayNorseMaskHydra,,
00E9,,3E6AB188414493BA,AlfheimInsect,,
0450,,3E7A6F9EFF4317D9,Tryptich_Jormungandr,,
0654,,3E9D5BC6723E3C8F,Perk_Offense_OnMeleeDamage_ProcLightning_NGP,,
007C,,3EAE2E3FCAF55223,AsgardianSteel_Tracker7,,
02A8,,3EC01B327975AF5E,ReinforcementAxe_Tier03,,
0293,,3F5A5D6AA1DB012C,SonArmorSpeed03,,
01FA,,3F62E75718B3EA09,KratosArmorChest_DamageSet_Tier04_Reinforce2,,
004C,,3FB3EE3CF5D64D92,NifRecipeTracker,,
0316,,3FD40741BEB83472,Perk_Weapon_Niflheim_Reinforce1,,
04FE,,3FE47300B39A2D29,Bestiary_Unlock_DarkOne_Base,,
0491,,3FF04E5821E87CAD,Dragon_Reveal_Lore,,
0022,,3FF4B9DBD9F07B2F,TravelerLoot_Tracker1,,
01B0,,4009351933BAE6C2,KratosArmorWrist_TankSet_Tier02_Reinforce1,Viken Bracers Lv2,
002D,,40151430A99EDA6B,EnhancedTravelerLoot_Tracker2,,
04A0,,401A94AC45851924,OdinVsTheFuture_Lore,,
03BD,,40A3761C20DD1067,RuneCreator_Niflheim06,,
039A,,40AC0F7DA3927188,RuneCreator_Unique_Bonus01,,
05A7,,40B77E8CD156C005,KratosArmorChest_TravelerSet_Tier06_Reinforce2_NGP,,
0421,,40B844A7978D8949,Blades_TossSurge_Lvl02,,
00A9,,410C37EC52DFBA00,DisplayBrooch,,
03FB,,41695E2858CEE599,Axe_RageMode_Upgrade_R1Hold,,
0534,,417AE7D77E930D5C,Bestiary_Unlock_Troll_Daudi_Kaupmadr,,
03C7,,41AA0BE8A9130B21,FrostSpecialAxeSpin,,
02CF,,41BA24B640168288,KratosArmorTrinket_RageGrab,,
01D9,,41C19E30CAE5761D,KratosArmorChest_DamageSet_Tier03,Metal-Plated Shoulder Guard,
0049,,41C73CC54231D753,MaxRage_Tracker9,,
03FE,,41DAA8D05E27E699,Axe_RageMode_Upgrade_R2Hold,,
0256,,423383E5CB1108A1,KratosArmorLegs_ValkyrieSet_Tier06_Reinforce2,,
0237,,427ADBD7C536988E,KratosArmorWrist_TravelerSet_Tier06_Reinforce1,,
0593,,42AB70EFF1550352,SHIPWRECK_GOLEM_REWARD,,
020B,,42D693CAFBFF3A1D,KratosArmorLegs_DamageSet_Tier05,Waist Guard of the True Warrior,
0423,,42E5BBD52D961F6B,Blades_Toss_Light_Unlock,,
0025,,42E8B9DBD9F07B2F,TravelerLoot_Tracker4,,
0429,,42F5863914FFCA30,SonPerk_FollowUp,,
00CD,,42F73B67CA9D21FC,DisplayNorseMaskTiki,,
0064,,433AE7258ECCBC16,AxeReinforcement_Tracker4,,
027B,,43426DC2711B0BDB,KratosArmorChest_NifSpeedSet_Tier06,Ivaldi's Spaulders of Cursed Mist,
028D,,4351BAA3FE4070D3,KratosArmorChest_PinkSet,Cod of War Tunic,
0445,,43A8A793D4C451B0,Tryptich_Hrungnir_PostBoat,,
02A2,,43CA12D4CA585869,ReinforcementBow_Tier05,,
003C,,43CF16BD0CC5466C,MaxHealth_Tracker7,,
048D,,43DF206BCE1636AD,VikingFuneral_Reveal_Lore,,
0476,,43F2DA94B7FDAAD9,RIV_475_Lore_02,,
03F2,,441419135E0792B3,Axe_Tier01_ParryProjectile,,
045D,,442E74F7CC244CF3,VF_225_Lore_01,,
02F8,,445A19977C996E54,KratosArmorTrinket_Valkyrie_Reinforce1,,
022D,,447C88023A4B7596,KratosArmorChest_ElementalSet_Tier06_Reinforce1,,
022E,,44A2D89639FD58A4,KratosArmorWrist_ElementalSet_Tier06_Reinforce1,,
045B,,44C8208E4E0F68A9,HTTK_170_Lore_01,,
054A,,44FC888DDEBC7170,Bestiary_Unlock_Wolf_Rabid_Tip_02,,
040F,,452897FB4054EBB9,Axe_Tier02_Bare_Node01,,
0455,,456B646FE71D8AD2,Tryptich_Surtr_PostBoat,,
03BC,,459601A22BF331B2,RuneCreator_Unique_BladeWeaponSpecial05_NGP,,
0241,,459693888B005D3D,KratosArmorLegs_HuldraBrokSet_Tier06_Reinforce1,,
01A0,,45A8DEED8DF5FFF3,KratosArmorChest_SpeedSet_Tier01_Reinforce_Reinforce2,,
0103,,45A9A06EDA1E2895,DisplayHornWorldTree,,
0068,,45C6B898659F86BB,BladesReinforcement_Tracker3,,
01E0,,46367B1EAB87B76B,KratosArmorWrist_DamageSet_Tier03_Reinforce2,Metal-Plated Bracers Lv3,
0451,,466AFF5A10678311,Tryptich_Jormungandr_PostBoat,,
0427,,46996FD5C75649F6,SonPerk_CloseCombat,,
0392,,46A1FCDD48E97815,RuneCreator_Unique_Asgard,,
0270,,46D9AE74C7A4E2E5,KratosArmorWrist_MspDamageSet_Tier06_Reinforce2,,
01DF,,4737DD3609B2F117,KratosArmorChest_DamageSet_Tier03_Reinforce2,Metal-Plated Shoulder Guard Lv3,
0519,,47688E286C8FDB65,Bestiary_Unlock_Nightmare_Suicide_Tip_03,,
0082,,47BA416B119A17E2,PerfectAsgardianSteel_Tracker3,,
01CE,,47E9B94D6DC50A6E,KratosArmorWrist_TankSet_Tier03_Reinforce2,Defender's Arm Guards Lv3,
0529,,47EB699F31E8DD65,Bestiary_Unlock_Revenant_Poison_Tip_02,,
00F0,,47F570EB09AEAB41,CupDragon,,
067C,,4807E7115F1C02C7,WeaponComponent_Blades_OnDamage_ProcBomb_Reinforce1_NGP,,
0511,,481A35C79DD72E7B,Bestiary_Unlock_Nightmare_Base_Tip_01,,
057F,,482081098DE28AE6,EPIC_RUNE_TAKE_DAMAGE,,
00C2,,48678DC200411199,NorseMaskNoBeard,,
0161,,48D69A12BF32356E,UB01_Reveal,,
05F0,,48DA9CF21C2202B2,KratosArmorWrist_NifTankSet_Tier06_Reinforce2_NGP,,
01D3,,48E3DC49BD8436AA,KratosArmorChest_SpeedSet_Tier03_Reinforce1,Plated Pauldon of Focus Lv2,
043F,,491CC0BC8FE5988B,Bow_Skill_ArrowDamage_Tier02,,
0516,,49385439FF404249,Bestiary_Unlock_Nightmare_Fire_Tip_02,,
0530,,4941928CA5F46637,Bestiary_Unlock_Tatzelwurm_Spitter_Tip_01,,
0413,,4941D9156FC99925,Blades_Tier01_Melee_Node01_SubNode02,,
0070,,494454D0CD61EFB0,LeiptrAlloy_Tracker,,
060A,,49AF124EE4159CF7,KratosArmorWrist_Bonus01_Reinforce1,,
061E,,49D553E560E0E173,KratosArmorChest_Bonus03_Reinforce2,,
0565,,49EB30A31090E9C1,Bestiary_Unlock_Freya,,
0286,,4A183F9396E1FB07,KratosArmorLegs_NifDamageSet_Tier06,Ivaldi's War Belt of Deadly Mist,
00A7,,4AAE41BE62AD8155,DisplayVikingHorn,,
048C,,4ABF4981D6E929A1,Brok02_Reveal_Lore,,
0058,,4B849674BBA14E4C,HuldraRunicBonus4,,
01CA,,4B9C550D079A0AE1,KratosArmorChest_TankSet_Tier03_Reinforce1,Defender's Cuirass Lv2,
03EA,,4BD2F76364B3AF5C,Axe_Tier01_Melee_Node01_SubNode04,,
05ED,,4BDB26553C815FAC,KratosArmorWrist_NifTankSet_Tier06_Reinforce1_NGP,,
056B,,4BFCC79376547A09,Bestiary_Unlock_Reginn,,
0242,,4C3593AE42A27524,KratosArmorChest_HuldraBrokSet_Tier06_Reinforce2,,
0200,,4CBD3F90F881FA56,KratosArmorChest_TankSet_Tier05_Reinforce1,,
00A1,,4D3BBAB0D87D5D4A,OrnateCup,,
00D7,,4D7BDCED0F1E564C,ShipGoldHook,,
04AD,,4D88E1ED75293600,FreyaStoppedBy_Lore,,
0136,,4D961B2A6F5A72F6,ResurrectionStoneCSold,,
0183,,4DD585B724DE4ECF,KratosShield_07,,
02C4,,4E297CF1A04700B7,KratosArmorTrinket_LowHealth_Offense,,
03AB,,4E6EF00065A11AE2,RuneCreator_Unique_WeaponSpecial03,,
01BE,,4EC59E30CAE5761D,KratosArmorChest_DamageSet_Tier02,Wolfskin Shoulder Guard,
0637,,4F80A987B04677A2,KratosArmorTrinket_EmpoweringRift_Reinforce2_NGP,,
007D,,4FB22E3FCAF55223,AsgardianSteel_Tracker8,,
0345,,4FB429343FE40431,WeaponComponent_Blades_OnKill_DefenseBuff_Reinforce2,,
036F,,4FB982952C729340,Perk_Offense_AxeHeavyHold_HealthBurst_Reinforce2,,
02A9,,4FDC1B327975AF5E,ReinforcementAxe_Tier04,,
0480,,4FE5E89712901756,Xpl450_InnMenn,,
0545,,4FEB741A824CF543,Bestiary_Unlock_Wolf_Feral,,
0435,,503404521E98D2B5,SonPerk_ShockArrow_OnHitSpark,,
056E,,507D56B04D2AC9EC,Bestiary_Unlock_Motsognir,,
04FD,,50CCDE136C81D980,Bestiary_Unlock_Draugr_Weapon_Tip_02,,
002C,,51111430A99EDA6B,EnhancedTravelerLoot_Tracker1,,
0655,,5111E2DE1C0493F0,Perk_Offense_OnMeleeDamage_ProcLightning_Reinforce1_NGP,,
02A6,,514EFE9BAE78CFD7,ReinforcementQuiver_Tier04,,
04EA,,515C845AB8B583FF,Bestiary_Unlock_Draugr_Arm,,
023A,,517EDBD7C536988E,KratosArmorWrist_TravelerSet_Tier06_Reinforce2,,
020D,,5186ABAE5B437A0D,KratosArmorWrist_DamageSet_Tier05_Reinforce1,,
039B,,51A80F7DA3927188,RuneCreator_Unique_Bonus02,,
0024,,51ECB9DBD9F07B2F,TravelerLoot_Tracker3,,
03A4,,51ED2ED9B8C669CD,RuneCreator_Unique_T4ShopCooldown,,
00B9,,52B8E5A466031B8B,DisplayLostToyHorse,,
003D,,52CB16BD0CC5466C,MaxHealth_Tracker8,,
058E,,52FAA581F66E66FD,ALF_VALKYRIE_RUNE,,
01B3,,530D351933BAE6C2,KratosArmorWrist_TankSet_Tier02_Reinforce2,Viken Bracers Lv3,
068A,,5343978C802835DB,NGPFlag,,
059B,,53594C26E43A8F0C,KratosArmorChest_TyrSet_Tier06_Reinforce1_NGP,,
021D,,53D293CAFBFF3A1D,KratosArmorLegs_DamageSet_Tier06,Mythic War Belt of Arcane Might,
0110,,540DFFB10D626DCC,DisplayBroochRuby,,
0587,,5453FECC9464009F,STONEMASON_GOLEM_REWARD,,
05E8,,54579CDB0DEF8589,KratosArmorLegs_MspDamageSet_Tier06_Reinforce2_NGP,,
0267,,5481D33158B28A9F,KratosArmorWrist_MspSpeedSet_Tier06_Reinforce2,,
0099,,5489B74638FC77BB,DChestLootedMarker,,
0244,,549293888B005D3D,KratosArmorLegs_HuldraBrokSet_Tier06_Reinforce2,,
019D,,54ACDEED8DF5FFF3,KratosArmorChest_SpeedSet_Tier01_Reinforce_Reinforce1,,
0069,,54C2B898659F86BB,BladesReinforcement_Tracker4,,
02A1,,54CE12D4CA585869,ReinforcementBow_Tier04,,
0632,,54CE1F6DC6C2FA8A,Perk_Utility_Focus_Mode_Reinforce1_NGP,,
0477,,54F6DA94B7FDAAD9,RIV_475_Lore_01,,
0539,,550C94C24376BDE3,Bestiary_Unlock_Troll_Stonebeard_King,,
0327,,5525FCE28EFF630A,Perk_Offense_OnMeleeDamage_ProcFrost_Reinforce1,,
0135,,554EED200EBC46F6,ResurrectionStoneBSold,,
04CB,,558890F86D0ABBEA,Bestiary_Unlock_Seidr_Brawler,,
04F9,,55A580F10BC5F32D,Bestiary_Unlock_Draugr_Legs_Tip_02,,
0231,,55A6D89639FD58A4,KratosArmorWrist_ElementalSet_Tier06_Reinforce2,,
0685,,55BDD9C3C4D9A673,RuneCreator_Unique_Traveler_NGP,,
04C8,,55C68B1DD93FD0D2,Bestiary_Unlock_Hel_Traveler,,
026D,,55DDAE74C7A4E2E5,KratosArmorWrist_MspDamageSet_Tier06_Reinforce1,,
05FA,,562829957C078266,KratosArmorLegs_NifSpeedSet_Tier06_Reinforce2_NGP,,
03EB,,566D27035B9F1BF7,Axe_Tier01_Bare_Node01,,
0081,,56BE416B119A17E2,PerfectAsgardianSteel_Tracker2,,
0048,,56C33CC54231D753,MaxRage_Tracker8,,
01CB,,56EDB94D6DC50A6E,KratosArmorWrist_TankSet_Tier03_Reinforce1,Defender's Arm Guards Lv2,
0216,,57884F41C8303BEF,KratosArmorWrist_SpeedSet_Tier06,Bracers of the World Serpent,
053E,,57A42E4CF86EAB33,Bestiary_Unlock_Projection_Brood,,
023D,,57B422A2B210DA08,KratosArmorWrist_HuldraBrokSet_Tier06,Brok’s Royal Dwarven Gauntlets,
0321,,57B6B9A45CE518CF,WeaponComponent_NifleheimSpecial02,,
024D,,57BC89B933A4EFA1,KratosArmorLegs_HuldraSindriSet_Tier06_Reinforce2,,
046C,,57E578111E591702,Xpl425_LoreMarker,,
04EE,,57F261E182E25AB4,Bestiary_Unlock_Draugr_Base_Tip_01,,
0549,,57F8888DDEBC7170,Bestiary_Unlock_Wolf_Rabid_Tip_01,,
0325,,57FB47048A77A160,WeaponComponent_Blades_Default,,
0414,,5845D9156FC99925,Blades_Tier01_Melee_Node01_SubNode03,,
05C1,,585E33120FDF5DF5,KratosArmorLegs_HuldraSindriSet_Tier06_Reinforce1_NGP,,
01CD,,5898550D079A0AE1,KratosArmorChest_TankSet_Tier03_Reinforce2,Defender's Cuirass Lv3,
03E9,,58D6F76364B3AF5C,Axe_Tier01_Melee_Node01_SubNode03,,
0584,,58F1F908F4EF9A41,LEGENDARY_RUNE_STATS,,
0512,,591E35C79DD72E7B,Bestiary_Unlock_Nightmare_Base_Tip_02,,
0142,,591EDD64DEAE3E64,RiftDeathCounter,,
0634,,599FD11D2365C576,Perk_Utility_Focus_Mode_Reinforce3_NGP,,
00E8,,59F8E68106CA460A,AlfheimHook,,
0574,,5A385B99E6284B12,RARE_RUNE_DEFENSIVE,,
0040,,5A8DD51CE1934785,MaxHealth_Tracker11,,
04B1,,5B05C9CA70670746,Evade_Tutorial,,
0419,,5B27C07308BF2747,Blades_Tier02_Melee_Node01,,
0375,,5B2D1454C56FA8B5,Perk_Throw_OnHeadshot_OffenseBuff_Reinforce2,,
0405,,5B30BD465C06A43A,Axe_Tier02_AxeDelayComboUpgrade_02,,
02D0,,5BEAA431E5F1ECD5,KratosArmorTrinket_RageGrab_Reinforce1,,
025E,,5C058CA18FCF30A9,KratosArmorWrist_MspTankSet_Tier06_Reinforce2,,
034A,,5C3EF648A5796040,WeaponComponent_Blades_OnKill_CooldownBurst_Reinforce1,,
0315,,5CA81E36E24053C4,Perk_Weapon_Niflheim,,
0344,,5CB029343FE40431,WeaponComponent_Blades_OnKill_DefenseBuff_Reinforce1,,
023B,,5CB1CA121AB57510,KratosArmorLegs_TravelerSet_Tier06_Reinforce2,,
007E,,5CB62E3FCAF55223,AsgardianSteel_Tracker9,,
02AA,,5CD81B327975AF5E,ReinforcementAxe_Tier05,,
0062,,5D32E7258ECCBC16,AxeReinforcement_Tracker2,,
0396,,5D90E3ADE09153E2,RuneCreator_Unique_Musp,,
0575,,5DCD50FFFC5BB381,LEGENDARY_RUNE_DEFENSIVE,,
04C5,,5DD3B81D2B867390,Bestiary_Unlock_Hel_Fanatic_Archer,,
04EC,,5DEB9B612CF3630E,Bestiary_Unlock_Draugr_Body,,
043E,,5E18C0BC8FE5988B,Bow_Skill_ArrowDamage_Tier01,,
0138,,5E70474ECEFBE6C0,RunicAttackTutorial,,
03AA,,5F6AF00065A11AE2,RuneCreator_Unique_WeaponSpecial02,,
0674,,5F7C35E31072EE56,WeaponComponent_Axe_QueenValkyrie01_Reinforce2_NGP,,
0659,,5F8C59D4D8EC2D51,Perk_Offense_OnMeleeDamage_ProcFrost_Reinforce2_NGP,,
023E,,600511A7B3B5985D,KratosArmorLegs_HuldraBrokSet_Tier06,Brok’s Royal Dwarven Waist Guard,
0276,,600C5F6E667F2326,KratosArmorWrist_NifTankSet_Tier06_Reinforce1,,
04D9,,6073CE4A032C58A3,Bestiary_Unlock_Hel_Brawler_Tip_02,,
0285,,60749A0B82C8673A,KratosArmorWrist_NifDamageSet_Tier06,Ivaldi's  Gauntlets of the Deadly Mist,
0204,,60844F41C8303BEF,KratosArmorWrist_SpeedSet_Tier05,Mythic Bracers of Clarity,
030A,,61395642227A34D0,WeaponComponent_Axe_AllStats,,
0233,,615B1370AEBED3EA,KratosArmorChest_TravelerSet_Tier06,Breastplate of the Traveler,
0517,,61608E286C8FDB65,Bestiary_Unlock_Nightmare_Suicide_Tip_01,,
02F3,,61880576C9DE2CD5,KratosArmorTrinket_EmpoweringRift_Reinforce2,,
04FC,,61C0DE136C81D980,Bestiary_Unlock_Draugr_Weapon_Tip_01,,
003E,,61C716BD0CC5466C,MaxHealth_Tracker9,,
0166,,628DE14044768B0C,TierMarker,,
04B6,,6290DE4FCB50238E,ThrowableCrystals_Tutorial,,
0502,,62E10C2F5A268C3C,not found,,
034B,,6332F648A5796040,WeaponComponent_Blades_OnKill_CooldownBurst_Reinforce2,,
0247,,63784D8C0A5351B7,KratosArmorLegs_HuldraSindriSet_Tier06,Sindri’s Royal Dwarven Waist Guard,
0260,,63984481241F1485,KratosArmorChest_MspSpeedSet_Tier06,Blazing Magma Pauldrons,
03F0,,63E9AD01C0CB81B3,Axe_Tier01_ParryAttack_Light,,
03BA,,647D80896C676AB2,RuneCreator_Unique_BladeWeaponSpecial03_NGP,,
0027,,64E0B9DBD9F07B2F,TravelerLoot_Tracker6,,
035D,,65251E4CC68F3082,WeaponComponent_Blades_OnLaunch_OffenseBuff_Reinforce2,,
060B,,659DB046BC16ED88,KratosArmorLegs_Bonus01_Reinforce1,,
0084,,65B2416B119A17E2,PerfectAsgardianSteel_Tracker5,,
03E7,,66DEF76364B3AF5C,Axe_Tier01_Melee_Node01_SubNode01,,
0394,,66EA09695C6A1AA3,RuneCreator_Unique_Svartalfheim,,
03A0,,67027FE11892DC4F,RuneCreator_Tier02_Common_One_Stat,,
05CB,,679CF76C01AB04CA,KratosArmorChest_ValkyrieSet_Tier06_Reinforce2_NGP,,
02C2,,67B790F750FAFAA6,Perk_Kill_Any_Cooldown,,
05C9,,67FC530C540A9E01,KratosArmorWrist_ValkyrieSet_Tier06_Reinforce1_NGP,,
05D3,,68021D0CB4D3782D,KratosArmorLegs_MspTankSet_Tier06_Reinforce1_NGP,,
0374,,68211454C56FA8B5,Perk_Throw_OnHeadshot_OffenseBuff_Reinforce1,,
0123,,683958B2CDEA076B,UB_FatherSonScroll,,
04D0,,68BE1ADB0919A58A,Bestiary_Unlock_Hel_Walker_Shield_Tip_01,,
006B,,68FE54101D9E9F5D,MuspelheimBladesReinforcement,Raging Inferno of Muspelheim,
0499,,69B292F23058A502,ForestChisel_Lore,,
038A,,69CDD6807257C4EF,Perk_Offense_OnLaunch_OffenseBuff_Reinforce2,,
03E8,,69DAF76364B3AF5C,Axe_Tier01_Melee_Node01_SubNode02,,
0495,,6A174432F2267856,SvartleheimScroll_Lore,,
04BF,,6A6062439BA8A0B9,WeaponComponents_Tutorial,,
0462,,6A68D99BF4617C29,VF_200_Lore_03,,
0408,,6AA38F4B36AC91F0,Axe_Tier01_Throw_Node01_SubNode01,,
0362,,6B4A15258DAE719C,WeaponComponent_Blades_OnKill_RageBurst_Reinforce1,,
04E8,,6B4C6CE37FFB5BCF,Bestiary_Unlock_Draugr_Shield,,
0264,,6B8DD33158B28A9F,KratosArmorWrist_MspSpeedSet_Tier06_Reinforce1,,
04EB,,6BA52426F741990C,Bestiary_Unlock_Draugr_Legs,,
04F6,,6BECF8EC27F44BAE,Bestiary_Unlock_Draugr_Arm_Tip_01,,
0564,,6BF2A2A966310F6E,Bestiary_Unlock_WitchOfWoods,,
00E0,,6C0C18A57D446BF0,DisplayShipGoldHook,,
03A9,,6C66F00065A11AE2,RuneCreator_Unique_WeaponSpecial01,,
02DC,,6C8BBFC1D3706C82,KratosArmorTrinket_Parry_Reinforce2,,
01EF,,6CAF0CFBBEADD065,KratosArmorWrist_SpeedSet_Tier04_Reinforce1,,
01DB,,6CDE93CAFBFF3A1D,KratosArmorLegs_DamageSet_Tier03,Metal-Plated Waist Guard,
046A,,6D07443D9A4CC841,NIF_150_Lore_01,,
0095,,6D326716A5D804FF,NiflheimTearKey,Anchor of Fog,
04DB,,6D459021EB5125C1,Bestiary_Unlock_Hel_Traveler_Tip_02,,
04CC,,6D592BE599F0D409,Bestiary_Unlock_Seidr_Traveler,,
0613,,6D7D6D78B9A4D2C7,KratosArmorWrist_Bonus02_Reinforce1,,
0238,,6DBDCA121AB57510,KratosArmorLegs_TravelerSet_Tier06_Reinforce1,,
02AB,,6DD41B327975AF5E,ReinforcementAxe_Tier06,,
0555,,6E0ED78260C9EDC1,Bestiary_Unlock_Hildr,,
0668,,6E8E8ED7CA41B684,WeaponComponent_NifleheimSpecial02_Reinforce2_NGP,,
0387,,6EAC6DF132E0AC6B,Perk_Offense_OnLaunch_Shield_Reinforce2,,
00D4,,6ECAF05BC96B5ECB,ShipHook,,
035A,,6EF424AE3D03AEC0,WeaponComponent_Blades_OnDamage_ProcBomb_Reinforce2,,
001A,,6F4AD040F075775A,GolemLoot_Tracker5,,
04CF,,6F69C14C14A7255C,Bestiary_Unlock_Hel_Walker_Tip_02,,
00AB,,6FD7F89265750EB3,DisplayShipHead,,
0181,,6FDD85B724DE4ECF,KratosShield_05,,
02D7,,6FDE9151744FEB59,KratosArmorTrinket_HealthBurst_Reinforce1,,
00B1,,6FE3313694E5C382,LostToyBoat,,
048F,,6FFC5065E9222B53,Sindri02_FatherSon_Lore,,
0518,,70648E286C8FDB65,Bestiary_Unlock_Nightmare_Suicide_Tip_02,,
0170,,7097B2272C200A45,MimirIndecipherable,,
0165,,70CE160CF2EBD644,UB05_Reveal,,
02B8,,712C3DCEFCE5B2D0,Perk_Defense_OnParry_HealthBurst,,
01EC,,71804F41C8303BEF,KratosArmorWrist_SpeedSet_Tier04,Plated Runeweaver Bracers,
0391,,7186B299CE7D7DF1,RuneCreator_Unique_Midgard,,
0532,,7197B95032157CE9,Bestiary_Unlock_Tatzelwurm_Stinger_Tip_01,,
0592,,71E535DD5BA0E7A4,VIKING_GOLEM_REWARD,,
00BE,,71F7FAD6941B63BE,NorseMaskHydra,,
0063,,7236E7258ECCBC16,AxeReinforcement_Tracker3,,
028A,,723DEA1D2835AA39,KratosArmorChest_NifDamageSet_Tier06_Reinforce2,,
02A3,,72C612D4CA585869,ReinforcementBow_Tier06,,
05C4,,72C97ABAD22952F5,KratosArmorLegs_HuldraSindriSet_Tier06_Reinforce2_NGP,,
025B,,73018CA18FCF30A9,KratosArmorWrist_MspTankSet_Tier06_Reinforce1,,
02B5,,735F1359F5704B71,Perk_Defense_OnParry_RunicBuff,,
0026,,73E4B9DBD9F07B2F,TravelerLoot_Tracker5,,
04C1,,743CD72A40810691,Bestiary_Unlock_Hel_Walker,,
04BE,,74400518BBE98977,Specials_Tutorial,,
060E,,7499B046BC16ED88,KratosArmorLegs_Bonus01_Reinforce2,,
0005,,74A0EA5CE2ECF857,SonBow,,
01BF,,74B5B048DC097627,KratosArmorWrist_DamageSet_Tier02,Wolfskin Bracers,
0083,,74B6416B119A17E2,PerfectAsgardianSteel_Tracker4,,
0134,,74C16A5B79587AF6,ResurrectionStoneASold,,
0666,,74D96151C6A7865C,WeaponComponent_NifleheimSpecial02_NGP,,
00F8,,74E433ACD26380FC,DisplayCupFeet,,
0282,,7534F594B22410CC,KratosArmorWrist_NifSpeedSet_Tier06_Reinforce2,,
02F9,,755619977C996E54,KratosArmorTrinket_Valkyrie_Reinforce2,,
03C0,,7556E65DE607D326,RuneCreator_Tier05_Rare_Two_Stats_Condition,,
0590,,75B3F6D40AC7CFA9,QUEEN_VALK_RUNE,,
0643,,75C3594F9BC3F55E,Perk_Talisman_Niflheim_Reinforce2_NGP,,
0380,,767074971C0C5EA6,Perk_Offense_AxeHeavyHold_RunicBuff_Reinforce1,,
03B7,,76855EE5A57A5316,RuneCreator_Unique_WeaponSpecial05_NGP,,
02CA,,769728F40EECAF5D,KratosArmorTrinket_LowHealth_Shield_Reinforce2,,
00B6,,769C63DBA5AC9519,DisplayLostToySpearGuy,,
0389,,76C9D6807257C4EF,Perk_Offense_OnLaunch_OffenseBuff_Reinforce1,,
04CD,,7714F0B6510B3BCC,Bestiary_Unlock_Seidr_Traveler_Champion,,
016B,,777A5775F3C3820A,SonSickMarker,,
0478,,77B0F936A770BBAF,PP_500_Lore_01,,
013C,,77F967977330D284,AxePommelTutorial,,
0636,,77FA706E436A31A6,KratosArmorTrinket_EmpoweringRift_Reinforce1_NGP,,
0440,,7810C0BC8FE5988B,Bow_Skill_ArrowDamage_Tier03,,
0536,,78256ED643B8E2EB,Bestiary_Unlock_Troll_Daudi_Munr,,
0538,,78392593C4329DC2,Bestiary_Unlock_Troll_Jarn_Fotr,,
02EE,,7866C84A1E08543B,Perk_Talisman_Niflheim,,
0573,,7869D068735D6C8B,COMMON_RUNE,,
024A,,78B889B933A4EFA1,KratosArmorLegs_HuldraSindriSet_Tier06_Reinforce1,,
053D,,7912F8966A61AEB4,Bestiary_Unlock_Troll_Death_Eater,,
0461,,796CD99BF4617C29,VF_200_Lore_02,,
0179,,7991B6F997A3E569,KratosArmorChest_PreOrder_Tier01,,
03C6,,7A271830C99795A4,TryptichMarker,,
00ED,,7A3F9F33BC26A9FE,DisplayAlfheimSHook,,
0531,,7A4D928CA5F46637,Bestiary_Unlock_Tatzelwurm_Spitter_Tip_02,,
0412,,7A4DD9156FC99925,Blades_Tier01_Melee_Node01_SubNode01,,
0363,,7A4E15258DAE719C,WeaponComponent_Blades_OnKill_RageBurst_Reinforce2,,
0566,,7B04BD4C8F2963ED,Bestiary_Unlock_Stranger,,
03C3,,7B1DDF95B5F3FB71,RuneCreator_Tier06_Epic_Condition,,
01C3,,7B5A83E32A04579B,KratosArmorLegs_DamageSet_Tier02_Reinforce1,Wolfskin Waist Guard Lv2,
0607,,7BD539EBB39080CB,KratosArmorWrist_Bonus01,,
04A7,,7C2BDD0FCAC5AC72,FriggRevealed_Lore,,
0616,,7C796D78B9A4D2C7,KratosArmorWrist_Bonus02_Reinforce2,,
0563,,7C80765A96969916,Bestiary_Unlock_Sindri,,
0579,,7CB3E6A8F40B5404,EPIC_RUNE_ON_KILL,,
061F,,7CCAED8826B7B7CF,KratosArmorWrist_Bonus03_Reinforce2,,
0182,,7CD985B724DE4ECF,KratosShield_06,,
04AE,,7D16E04CDA6ABC5F,BareHand_Tutorial,,
02DD,,7D8FBFC1D3706C82,KratosArmorTrinket_Parry_Reinforce3,,
03B6,,7DD0A7B4B01F5116,RuneCreator_Unique_WeaponSpecial04_NGP,,
01F6,,7DDA93CAFBFF3A1D,KratosArmorLegs_DamageSet_Tier04,Dwarven Runic War Belt,
0359,,7DF024AE3D03AEC0,WeaponComponent_Blades_OnDamage_ProcBomb_Reinforce1,,
047B,,7E15803FA8060A75,PP_100_Lore_01,,
042E,,7E2F9D8C135C25C1,SonPerk_LightArrow_WeakenDefense,,
04DA,,7E419021EB5125C1,Bestiary_Unlock_Hel_Traveler_Tip_01,,
001B,,7E4ED040F075775A,GolemLoot_Tracker6,,
054C,,7E6ACF2B9EF85378,Bestiary_Unlock_Wulver_Power,,
04CE,,7E6DC14C14A7255C,Bestiary_Unlock_Hel_Walker_Tip_01,,
060D,,7EA3124EE4159CF7,KratosArmorWrist_Bonus01_Reinforce2,,
036E,,7EB582952C729340,Perk_Offense_AxeHeavyHold_HealthBurst_Reinforce1,,
0101,,7EC868442D6CEA68,HornBigMouth,,
052E,,7ECAEFEDCEC21FF2,Bestiary_Unlock_Tatzelwurm_Spitter,,
02D8,,7EDA9151744FEB59,KratosArmorTrinket_HealthBurst_Reinforce2,,
067F,,7EE77AED86E50AE8,WeaponComponent_Blades_Valkyrie01_Reinforce1_NGP,,
0404,,7F274896F6BA24B1,Axe_Tier02_AxeDelayComboUpgrade,,
059F,,7F9B94E29933CF0C,KratosArmorWrist_TyrSet_Tier06_Reinforce2_NGP,,
0386,,7FA86DF132E0AC6B,Perk_Offense_OnLaunch_Shield_Reinforce1,,
01F2,,7FAB0CFBBEADD065,KratosArmorWrist_SpeedSet_Tier04_Reinforce2,,
0434,,7FB041CD008CB198,SonPerk_ShockArrow_DetonationConduit,,
00EB,,801D68AC83BB7344,DisplayAlfheimMedallion,,
016D,,812F632C5F7A39AA,RunevaultMarker,,
00EF,,81BC40F213EA2BC4,DisplayAlfheimInsect,,
03B3,,81ECF922D341EF15,RuneCreator_Unique_WeaponSpecial01_NGP,,
0281,,81F4A82EAD32A7DE,KratosArmorChest_NifSpeedSet_Tier06_Reinforce2,,
05CD,,823B4F3A39016B4E,KratosArmorLegs_ValkyrieSet_Tier06_Reinforce2_NGP,,
04D7,,82460197434ADC2A,Bestiary_Unlock_Hel_Fanatic_Bomber_Tip_02,,
02DF,,82756F470B89C2D0,Perk_Utility_JustEvade_Slowdown_Reinforce1,,
00D2,,8294FA69166481E6,ShipDragon,,
0411,,829D39C201D3FEBC,Blades_Tier01_Melee_Node01,,
0543,,82A8877DD5DC631C,Bestiary_Unlock_Projection_HelBrood_Tip_01,,
01D1,,82BC4F41C8303BEF,KratosArmorWrist_SpeedSet_Tier03,Scaled Bracers of Focus,
0395,,82C351D1F930011E,RuneCreator_Unique_Vanaheim,,
0303,,82D3E124C69AF353,KratosArmorTrinket_Bonus02,,
043D,,82DB3A3544ECF15D,SummonDragon,,
0144,,832453E146D4D156,FastTravelUnlock01,,
031D,,832A59A9CCB9679F,Perk_Offense_OnMeleeDamage_ProcLightning_Reinforce2,,
00F1,,83409468BD8AFC44,CupHandle,,
0287,,8340EA1D2835AA39,KratosArmorChest_NifDamageSet_Tier06_Reinforce1,,
015B,,83A6C8FA1A8633F5,Dummy_Son_EnragedMarker,,
0176,,83B0F8FD15DDCE39,KratosArmorChest_Starter_Tier00,,
0648,,83C70E32859C5A3F,KratosArmorTrinket_Valkyrie_Reinforce1_NGP,,
00C3,,83CDFD66B7BC7FBE,NorseMaskGhoul,,
014B,,84160E4439DE1303,ArrowUnlock_Light,,
0140,,84659A277AA5C7D3,CompassRadiusTutorial,,
01C8,,847D8B8C9BE22666,KratosArmorWrist_TankSet_Tier03,Defender's Arm Guards,
05F6,,84EBDAAF9A5C51FD,KratosArmorWrist_NifSpeedSet_Tier06_Reinforce1_NGP,,
028B,,84FAE03609BC0407,KratosArmorWrist_NifDamageSet_Tier06_Reinforce2,,
0045,,85343CC54231D753,MaxRage_Tracker5,,
0627,,854618A7658435D0,KratosArmorTrinket_Parry_Reinforce2_NGP,,
00A8,,8573611DDA56BB6B,DisplayOrnateCup,,
0585,,85DCF6C2383510FC,FOOTHILLS_JOTUNN_REWARD,,
04FF,,85EF4F40900E1A66,Bestiary_Unlock_DarkOne_Warrior,,
0290,,85FACAAC25AF8807,SonArmorBase,,
02B9,,85FCB6B2D53057D8,Perk_Defense_OnTakeDamage_Cooldown,,
027F,,8608F594B22410CC,KratosArmorWrist_NifSpeedSet_Tier06_Reinforce1,,
0306,,862E2738FC2F582D,Perk_Offense_OnMeleeDamage_HealthDrain_Reinforce2,,
04F0,,86326BF0441BE2E0,Bestiary_Unlock_Draugr_2H_Tip_01,,
005B,,863D6E7A894D04BC,Blades_StatUpgrade_Runic,,
0533,,866CB85032157CE9,Bestiary_Unlock_Tatzelwurm_Stinger_Tip_02,,
0227,,86753B679C1D9B31,KratosArmorChest_TyrSet_Tier06_Reinforce2,,
015C,,8695B56CC001850D,Dummy_DisableAutonomous,,
055C,,86C029C9EAE345B6,Bestiary_Unlock_Ancient_Fire,,
00FB,,86C3D0D0289B1DDA,DisplayCupHolyGrail,,
0029,,86D8B9DBD9F07B2F,TravelerLoot_Tracker8,,
052B,,86E5D83BE42CF265,Bestiary_Unlock_Revenant_Spawner_Tip_02,,
0366,,871DED3D5D31406F,Perk_Throw_OnHeadshot_HealthDrain_Reinforce2,,
062C,,874E711224448484,Perk_Utility_JustEvade_Slowdown_Reinforce3_NGP,,
03CE,,87733DEE2B013D0F,FrostSpecialAxeQuickClear,,
062E,,87D97D9E24AFC7C3,Perk_Defense_OnBlock_ActiveAbsorb_Reinforce1_NGP,,
00AF,,87E00F8DE293A793,LostToyTroll,,
0569,,87E2FBA604682E09,Bestiary_Unlock_Modi,,
02CB,,87EA28F40EECAF5D,KratosArmorTrinket_LowHealth_Shield_Reinforce3,,
0311,,8803AC8ECCE7FEEB,WeaponComponent_Axe_Cursed_Reinforce3,,
0365,,8819ED3D5D31406F,Perk_Throw_OnHeadshot_HealthDrain_Reinforce1,,
03BF,,882DA5C09E51C336,RuneCreator_Tier04_Rare_One_Stat_All_Perks,,
05B9,,884A50B7037C2209,KratosArmorChest_HuldraBrokSet_Tier06_Reinforce2_NGP,,
014A,,88507C373B35FFBE,ArrowUnlock_Regular,,
040A,,8864804B36AC91F0,Axe_Tier01_Throw_Node01_SubNode03,,
045C,,888548FEFCE2943A,VF_220_Lore_01,,
0350,,88AA94F96F96CFEC,WeaponComponent_Blades_OnHeadshot_DefenseBuff_Reinforce1,,
00B2,,88CF4C027AB2D9FB,LostToyOrnament,,
016E,,88FBAEEE3C822A04,HelheimMarker,,
0148,,8901088D7F515E45,BifrostUnlock,,
033F,,897F0AFFEDF66B5B,WeaponComponent_Blades_OnKill_HealthBurst_Reinforce2,,
032E,,89A22BA380B62052,WeaponComponent_Axe_Valkyrie02_Reinforce2,,
0153,,89DADD432CFF222C,MaxRageUpgradeDisplay_Menu,,
00E7,,8A04D623A6DBF925,AlfheimSHook,,
00D6,,8A2767FB7DA71944,ShipHook2,,
03EE,,8A2DDADA745DCF10,Axe_Tier01_Bare_Node01_SubNode03,,
0044,,8A303CC54231D753,MaxRage_Tracker4,,
04D2,,8A9AB285BA8D97A2,Bestiary_Unlock_Hel_Walker_Armor_Tip_01,,
04BA,,8AA160840A1E532B,Cal250_ScornPoleTutorial,,
0187,,8AEE41E6B9F903EC,KratosShield_Bonus03,,
032C,,8B07B39C511BFF13,WeaponComponent_Axe_Valkyrie02,,
049C,,8B1C661983ACF6F2,BaldurFactFinding_Lore,,
00BD,,8B5EA2598B6E06A9,NorseMaskStraightBeard,,
01C2,,8B7F00DBEE4B1786,KratosArmorWrist_DamageSet_Tier02_Reinforce1,Wolfskin Bracers Lv2,
0467,,8BDAD8E01C730B3F,FOOT_500_Lore_01,,
05F9,,8C534CEC86E44DFD,KratosArmorWrist_NifSpeedSet_Tier06_Reinforce2_NGP,,
00E3,,8CAE5F4DFECF089F,DisplayShipGoldHook2,,
046E,,8CCA8DECBCF2F5A2,Xpl300_LoreMarker,,
01F0,,8D0AED587105150D,KratosArmorLegs_SpeedSet_Tier04_Reinforce1,,
00E1,,8D5568CFC3940BEF,DisplayShipHook3,,
0370,,8D60858C910C946F,Perk_Offense_AxeHeavyHold_Cooldown,,
0018,,8DB1D040F075775A,GolemLoot_Tracker3,,
050B,,8DED4206C8FF5D7F,Bestiary_Unlock_Nightmare_Base,,
036B,,8E5A05A8EACB67EA,Perk_Throw_OnHeadshot_Rage_Reinforce1,,
0336,,8E9D2A556AE01498,WeaponComponent_Blades_Muspelheim01_Reinforce2,,
0150,,8EC8B40DE6B3AC68,MaxHealthUpgradePiece,,
0372,,8F0593D4FEAE1D71,Perk_Offense_AxeHeavyHold_Cooldown_Reinforce2,,
0177,,8F12EE1FFEBC6CC5,KratosArmorWrist_Starter_Tier00,,
00AC,,8F45A4BB1D8162FE,DisplayAlfheimArtifact,,
00FF,,8F6838861363784B,HornHorse,,
03B4,,8F74DEE369E9E015,RuneCreator_Unique_WeaponSpecial02_NGP,,
015E,,8FA0951AD39CCD3D,VikingFuneral_Reveal,,
0038,,8FFF16BD0CC5466C,MaxHealth_Tracker3,,
0371,,900193D4FEAE1D71,Perk_Offense_AxeHeavyHold_Cooldown_Reinforce1,,
05D1,,905F76DC8FDCC1DA,KratosArmorChest_MspTankSet_Tier06_Reinforce1_NGP,,
05AD,,90736F046B3F1E89,KratosArmorChest_ElementalSet_Tier06_Reinforce1_NGP,,
05CA,,908EC07BE7C5674E,KratosArmorLegs_ValkyrieSet_Tier06_Reinforce1_NGP,,
0305,,912A2738FC2F582D,Perk_Offense_OnMeleeDamage_HealthDrain_Reinforce1,,
04D6,,91420197434ADC2A,Bestiary_Unlock_Hel_Fanatic_Bomber_Tip_01,,
00CC,,916538A16A5BDDC3,DisplayNorseMaskMustache,,
0407,,9171CE715E6673EE,Axe_Tier01_Throw_Node01,,
00C8,,91A5D73B0B34D231,DisplayNorseMaskFlatBeard,,
031C,,922E59A9CCB9679F,Perk_Offense_OnMeleeDamage_ProcLightning_Reinforce1,,
028F,,924731D16B9635D0,KratosArmorLegs_PinkSet,Cod of War Underbelly-guard,
0556,,92752D5061BFC7C1,Bestiary_Unlock_Olrun,,
0676,,927651DBA44CDBB8,WeaponComponent_Blades_Muspelheim01_Reinforce1_NGP,,
0139,,928D43976BD3AC87,ResurrectionStoneTutorial,,
0174,,92D48EEE18D8D2F9,GolemFailsafe,,
0612,,92DDC8AEA929AB99,KratosArmorChest_Bonus02_Reinforce1,,
05C2,,92E399EBF3F026D1,KratosArmorChest_HuldraSindriSet_Tier06_Reinforce2_NGP,,
027E,,92F0A82EAD32A7DE,KratosArmorChest_NifSpeedSet_Tier06_Reinforce1,,
0609,,930FBDB2A3FE1442,KratosArmorChest_Bonus01_Reinforce1,,
02E0,,93716F470B89C2D0,Perk_Utility_JustEvade_Slowdown_Reinforce2,,
0633,,9392E8B7A69B188B,Perk_Utility_Focus_Mode_Reinforce2_NGP,,
01B6,,93B84F41C8303BEF,KratosArmorWrist_SpeedSet_Tier02,Runic Forearm Bracers,
0288,,93FEE03609BC0407,KratosArmorWrist_NifDamageSet_Tier06_Reinforce1,,
0653,,94DE072AFCCA74D3,WeaponComponent_Axe_AllStats_Reinforce3_NGP,,
067A,,94FF48CB989F4F64,WeaponComponent_Blades_OnDamage_ProcFire_Reinforce2_NGP,,
038F,,9537FEC7B89253E2,RuneCreator_Unique_Nidv,,
01E3,,95798B8C9BE22666,KratosArmorWrist_TankSet_Tier04,Plated Volunder Gauntlets,
04E1,,95AB972DBC5A0F5E,Bestiary_Unlock_Seidr_Brawler_Tip_02,,
0028,,95DCB9DBD9F07B2F,TravelerLoot_Tracker7,,
066A,,9634415B902B68F9,Perk_Weapon_Niflheim_Reinforce1_NGP,,
0337,,96733E4259122B2A,WeaponComponent_Blades_Valkyrie01,,
015D,,9692D43E7833A3FD,HealthRuneDropCooldown,,
00F2,,96C1335E85310036,CupFeet,,
021A,,96DFAA492BC11581,KratosArmorLegs_SpeedSet_Tier06_Reinforce1,,
02F2,,96F50576C9DE2CD5,KratosArmorTrinket_EmpoweringRift_Reinforce1,,
0471,,972FC64577DD21AC,CAL_750_Lore_01,,
03E6,,975D01686DDA96D7,Axe_Tier01_Melee_Node01,,
0224,,97713B679C1D9B31,KratosArmorChest_TyrSet_Tier06_Reinforce1,,
03FA,,9796B7B6F423EBF8,Axe_RageMode_Upgrade_L1_Base,,
0248,,97BFB329EDAFE425,KratosArmorChest_HuldraSindriSet_Tier06_Reinforce1,,
0589,,97DD4155FE8B2A9D,FOOTHILLS_VALKYRIE_REWARD,,
065B,,97FC2DE6F93B292A,Perk_Offense_OnMeleeDamage_HealthDrain_Reinforce1_NGP,,
0630,,98A485853D88CFC3,Perk_Defense_OnBlock_ActiveAbsorb_Reinforce3_NGP,,
03D0,,98E821347EC20A21,FrostSpecialAxeLeap,,
042F,,990EF0886E28FE8F,SonPerk_LightArrow_ExplosionSpread,,
01BD,,9992525CA661ABBF,KratosArmorLegs_SpeedSet_Tier02_Reinforce2,Runic War Belt Lv3,
04D3,,999EB285BA8D97A2,Bestiary_Unlock_Hel_Walker_Armor_Tip_02,,
0102,,99ED8708324765E1,DisplayHornUShape,,
04AF,,99FF5CF415C1FA47,StunGrab_Tutorial,,
005A,,9A2546EFF57B36E5,Blades_StatUpgrade_Luck,,
00DF,,9A5168CFC3940BEF,DisplayShipHook2,,
04AB,,9A614965B3DA123F,HuldraBrothers_Lore,,
0580,,9A68692D8DCFDCB4,RARE_RUNE_CLEAVE,,
051E,,9A7E2D642381F6D4,Bestiary_Unlock_LightOne,,
02C9,,9A9328F40EECAF5D,KratosArmorTrinket_LowHealth_Shield_Reinforce1,,
032D,,9AA62BA380B62052,WeaponComponent_Axe_Valkyrie02_Reinforce1,,
0333,,9ABE55B5394A6F9B,WeaponComponent_Axe_Bonus02,,
0141,,9B1945FA5CC335D9,MapTutorial,,
00D8,,9B2367FB7DA71944,ShipHook3,,
0409,,9B60804B36AC91F0,Axe_Tier01_Throw_Node01_SubNode02,,
00BA,,9B6AAF7241870B8E,NorseMaskStoneFace,,
015F,,9B81191B1AA12BBE,HTTK_Reveal,,
054B,,9BED65AAB39C5F78,Bestiary_Unlock_Wulver_Speed,,
01F3,,9C0EED587105150D,KratosArmorLegs_SpeedSet_Tier04_Reinforce2,,
0019,,9CB5D040F075775A,GolemLoot_Tracker4,,
0217,,9CD08DD78159E2E9,KratosArmorLegs_SpeedSet_Tier06,War Belt of the World Serpent,
03A7,,9CDC26505FBEFC0F,RuneCreator_Unique_StunDamage,,
0201,,9DAE8381D4416340,KratosArmorWrist_TankSet_Tier05_Reinforce1,,
0235,,9DB15965021FA1D2,KratosArmorLegs_TravelerSet_Tier06,War Belt of the Traveler,
0104,,9DBD8A77F47149A4,DisplayHornExtension,,
0570,,9DECAE952D17DDC1,Bestiary_Unlock_Mimir,,
0464,,9E5F9FF6FC8740CA,XPL_225_Lore_01,,
022A,,9E8ADECDD9C87B97,KratosArmorChest_ElementalSet_Tier06,Pauldron of the Ancients,
00F6,,9EE7706E96A24176,DisplayCupDragon,,
0055,,9EF19674BBA14E4C,HuldraRunicBonus1,,
0039,,9EFB16BD0CC5466C,MaxHealth_Tracker4,,
0266,,9FAFC4DE03D92674,KratosArmorChest_MspSpeedSet_Tier06_Reinforce2,,
026F,,9FF6F7E7D646ACFF,KratosArmorChest_MspDamageSet_Tier06_Reinforce2,,
01B2,,A00712DD404CB1AD,KratosArmorChest_TankSet_Tier02_Reinforce2,Viken Tunic Lv3,
0308,,A034684A971E5CB9,Perk_Offense_OnMeleeDamage_Shield_Reinforce1,,
0559,,A053AA9DD45D9916,Bestiary_Unlock_Sigrun,,
05B2,,A066537855206AB4,KratosArmorLegs_ElementalSet_Tier06_Reinforce2_NGP,,
02BC,,A06E585FCC0D3D1F,Perk_Flat_OnTakeDamage_Rage,,
04EF,,A0CE61E182E25AB4,Bestiary_Unlock_Draugr_Base_Tip_02,,
053A,,A12669C0ABA15B43,Bestiary_Unlock_Troll_Helheim_Guardian,,
010F,,A1959934B4242F94,DisplayBroochFancy,,
0686,,A1A21B2E7ACA7460,RuneCreator_Unique_Tyr_NGP,,
0249,,A1BCBF50C977F8DE,KratosArmorWrist_HuldraSindriSet_Tier06_Reinforce1,,
0403,,A1F06B8670F65B84,Axe_Tier01_Throw_PaintTargetUpgrade_02,,
0211,,A21851A0EC0D5A2E,KratosArmorLegs_TankSet_Tier06,Mythic Battle Belt of Vigor,
066B,,A2354B9065BE6EF9,Perk_Weapon_Niflheim_Reinforce2_NGP,,
00DA,,A25EB542B0645DA6,ShipGoldHook2,,
065E,,A267448AD6726DCB,Perk_Weapon_Muspelheim_Reinforce1_NGP,,
0203,,A2D0860B783953B8,KratosArmorChest_SpeedSet_Tier05,Mythic Pauldrons of Clarity,
0537,,A30345EF1CCA0472,Bestiary_Unlock_Troll_Daudi_Hamarr,,
0108,,A33D0F63B0114D97,BroochAnimal,,
02E5,,A34E191084DAB7A1,Perk_Defense_OnBlock_ActiveAbsorb_Reinforce3,,
04C9,,A3697564E8A602E0,Bestiary_Unlock_Seidr_Bandit,,
0578,,A376A99A2FFE153E,LEGENDARY_RUNE_ON_KILL,,
058F,,A3BBF724B348E52E,NIFL_VALKYRIE_RUNE,,
0348,,A3EBA4E6239BDCBC,WeaponComponent_Blades_OnKill_RunicBuff_Reinforce2,,
03E0,,A411C9543CD41140,BladeSpecialFireWave,,
0485,,A428C3EB3D9479D1,Jot_Lore_01,,
026A,,A43AB9B048C97722,KratosArmorWrist_MspDamageSet_Tier06,Smoldering Brimstone Gauntlets,
009F,,A43B29E255098EFC,NorseMask,,
05AF,,A4426D4125356EB4,KratosArmorLegs_ElementalSet_Tier06_Reinforce1_NGP,,
0488,,A47C3C9AC070BC69,UB02_Reveal_Lore,,
04BB,,A49F9585B5C25CD0,Burnables_Tutorial,,
0109,,A4D7530DEE99B202,BroochRay,,
0605,,A4DCA5DC2E2ADA0D,KratosShield_NGP02,,
01C4,,A4E1AEEA9BC24073,KratosArmorChest_DamageSet_Tier02_Reinforce2,Wolfskin Shoulder Guard Lv3,
02C1,,A4ECF2157BCF954E,Perk_Kill_Any_DefenseBuff,,
0501,,A52FA3CBAC37CED2,Bestiary_Unlock_DarkOne_Elite,,
02A0,,A5F212D4CA585869,ReinforcementBow_Tier03,,
0328,,A619FCE28EFF630A,Perk_Offense_OnMeleeDamage_ProcFrost_Reinforce2,,
062B,,A65DA1787B482B84,Perk_Utility_JustEvade_Slowdown_Reinforce2_NGP,,
04E0,,A6A7972DBC5A0F5E,Bestiary_Unlock_Seidr_Brawler_Tip_01,,
0047,,A73C3CC54231D753,MaxRage_Tracker7,,
062F,,A759B2BFD0504CB9,Perk_Defense_OnBlock_ActiveAbsorb_Reinforce2_NGP,,
00EA,,A7ABD24ADCC583A5,DisplayAlfheimPendant,,
0171,,A7EB7C61056A5A6A,ValkyriesKilled,,
0066,,A7FEB898659F86BB,BladesReinforcement_Tracker1,,
067E,,A8850E68CC1A3CB4,WeaponComponent_Blades_Valkyrie01_NGP,,
01BA,,A89E525CA661ABBF,KratosArmorLegs_SpeedSet_Tier02_Reinforce1,Runic War Belt Lv2,
024B,,A8B3B329EDAFE425,KratosArmorChest_HuldraSindriSet_Tier06_Reinforce2,,
005C,,A8D6D4DBA59CA2E6,NGPRecipeTracker,,
0185,,A8E641E6B9F903EC,KratosShield_Bonus01,,
02C6,,A9494FD805C9EFB2,KratosArmorTrinket_LowHealth_Offense_Reinforce2,,
04D4,,A9C36C741646A642,Bestiary_Unlock_Hel_Fanatic_Archer_Tip_01,,
03CB,,A9E069EE1A211DDA,FrostSpecialAxeDashCombo,,
0056,,A9FD9674BBA14E4C,HuldraRunicBonus2,,
0470,,AA09C5C51BC64FE2,CAL_740_Lore_01,,
04A1,,AA1743B18F2C4205,SerpentHistory_Lore,,
05EF,,AA6BEC52CB352CB7,KratosArmorChest_NifTankSet_Tier06_Reinforce2_NGP,,
0298,,AA96A3BD20D5C1E5,SonArmorDefense02,Death's Vow Tunic,
01F8,,AA99F2059545C5BB,KratosArmorWrist_DamageSet_Tier04_Reinforce1,,
0673,,AB20AE0875E69B56,WeaponComponent_Axe_QueenValkyrie01_Reinforce1_NGP,,
00D5,,AB2C8E354E4FC999,ShipTongue,,
0486,,AB2CC3EB3D9479D1,Jot_Lore_02,,
013D,,AB4E4B1F222294C1,TalismanTutorial,,
0283,,AB8C02EC028000A9,KratosArmorLegs_NifSpeedSet_Tier06_Reinforce2,,
0016,,ABB9D040F075775A,GolemLoot_Tracker1,,
05B4,,AC12E29A7F34F1DB,KratosArmorWrist_HuldraBrokSet_Tier06_NGP,,
03EC,,AC25DADA745DCF10,Axe_Tier01_Bare_Node01_SubNode01,,
04FB,,AC48A721F6B817E2,Bestiary_Unlock_Draugr_Body_Tip_02,,
0551,,AC6911ECC755EDC1,Bestiary_Unlock_Gunnr,,
0457,,ACD3810D4C85C0BC,Tryptich_Thamur_PostBoat,,
0446,,AD151DF6D36255DE,Tryptich_Skadi,,
04C4,,AD2EC70A9471671F,Bestiary_Unlock_Hel_Walker_Armor,,
041C,,AD3F3100F114D08F,Blades_Tier02_Melee_Delay_Light_Upgrade_01,,
0615,,ADD1C8AEA929AB99,KratosArmorChest_Bonus02_Reinforce2,,
0205,,ADDC8DD78159E2E9,KratosArmorLegs_SpeedSet_Tier05,Mythic War Belt of Clarity,
003A,,ADF716BD0CC5466C,MaxHealth_Tracker5,,
0557,,AE0220EAD0732E09,Bestiary_Unlock_Kara,,
047A,,AE14A3B61AE92587,PP_180_Lore_01,,
0163,,AE420B0D687C1EF7,UB03_Reveal,,
0466,,AE561B937A1722F1,ALF_690_Lore_01,,
040C,,AE6C804B36AC91F0,Axe_Tier01_Throw_Node01_SubNode05,,
0490,,AE9554FB741B25DA,HTTK_LastWords_Lore,,
002B,,AE9E85E029A5431F,TravelerLoot_Tracker10,,
0424,,AED06C66053BBA58,Blades_Tier02_Melee_Delay_HeavyBomb,,
0225,,AF3836570BC55503,KratosArmorWrist_TyrSet_Tier06_Reinforce1,,
038E,,AF6DBB961CF0DA5C,RuneCreator_Unique_QuestBrok,,
0021,,AFA0EF8BFE1E82F5,EnhancedGolemLoot_Tracker6,,
0453,,B03AD82D4459D985,Tryptich_Starkadr_PostBoat,,
0553,,B129700F379B9D92,Bestiary_Unlock_Eir,,
0309,,B130684A971E5CB9,Perk_Offense_OnMeleeDamage_Shield_Reinforce2,,
04F1,,B13E6BF0441BE2E0,Bestiary_Unlock_Draugr_2H_Tip_02,,
00E6,,B143AE16FF06D125,AlfheimCurvy,,
0221,,B17668242FAD6B41,KratosArmorChest_TyrSet_Tier06,Týr's Lost Unity Cuirass,
067B,,B19A13C4B34FA37F,WeaponComponent_Blades_OnDamage_ProcBomb_NGP,,
0483,,B1B5095E60A9B5E8,RIV_200_Lore_01,,
0302,,B1DFE124C69AF353,KratosArmorTrinket_Bonus01,,
044B,,B20E946A63D709E9,Tryptich_Ymir_PostBoat,Lore: Shine Entry,
021E,,B220C7BE393EC8DD,KratosArmorChest_DamageSet_Tier06_Reinforce1,,
055F,,B229CDC223CB6A09,Bestiary_Unlock_Ancient_Ice,,
0164,,B2540DD155D8ECB9,UB04_Reveal,,
0465,,B260742C4A1930DA,RIV_420_Lore_01,,
00DE,,B2667E7CE013C0A3,DisplayShipTongue,,
0347,,B2EFA4E6239BDCBC,WeaponComponent_Blades_OnKill_RunicBuff_Reinforce1,,
01AF,,B30312DD404CB1AD,KratosArmorChest_TankSet_Tier02_Reinforce1,Viken Tunic Lv2,
01AD,,B3718B8C9BE22666,KratosArmorWrist_TankSet_Tier02,Viken Bracers,
0202,,B3ADDB5CEC53CE42,KratosArmorLegs_TankSet_Tier05_Reinforce1,,
0406,,B3BD6BC891E98B69,Axe_Tier02_AxeDelayComboUpgrade_Heavy,,
0528,,B414699F31E8DD65,Bestiary_Unlock_Revenant_Poison_Tip_01,,
0046,,B4383CC54231D753,MaxRage_Tracker6,,
0280,,B48802EC028000A9,KratosArmorLegs_NifSpeedSet_Tier06_Reinforce1,,
0294,,B4A811E503C2C67D,SonArmorOffense01,,
00FA,,B4C47FA8D28D9244,DisplayCupPintGlass,,
0230,,B50188023A4B7596,KratosArmorChest_ElementalSet_Tier06_Reinforce2,,
010E,,B506DDA59AB77108,DisplayBroochRay,,
047E,,B5934F0B06608503,ALF_100_Lore_01,,
04A9,,B5ACD7E1C39C47FE,SeriouslyWhatTheHel_Lore,,
01C1,,B5E5AEEA9BC24073,KratosArmorChest_DamageSet_Tier02_Reinforce1,Wolfskin Shoulder Guard Lv2,
0271,,B6106703D9F0F062,KratosArmorLegs_MspDamageSet_Tier06_Reinforce2,,
0658,,B6C54599819B7351,Perk_Offense_OnMeleeDamage_ProcFrost_Reinforce1_NGP,,
0626,,B6D9B31518ED4907,KratosArmorTrinket_Parry_Reinforce1_NGP,,
05BA,,B6E4014894C0121F,KratosArmorWrist_HuldraBrokSet_Tier06_Reinforce2_NGP,,
029F,,B6F612D4CA585869,ReinforcementBow_Tier02,,
0067,,B6FAB898659F86BB,BladesReinforcement_Tracker2,,
055E,,B73F1C2436C2E2CE,Bestiary_Unlock_Ancient_Frost,,
00B4,,B797A286A59E9339,DisplayLostToyThor,,
062A,,B7AB0C2C27078684,Perk_Utility_JustEvade_Slowdown_Reinforce1_NGP,,
002A,,B7D4B9DBD9F07B2F,TravelerLoot_Tracker9,,
052A,,B7E9D83BE42CF265,Bestiary_Unlock_Revenant_Spawner_Tip_01,,
02C8,,B8007FC9926BA295,KratosArmorTrinket_LowHealth_Shield,,
0452,,B83046B03FEE8E26,Tryptich_Starkadr,,
04BC,,B839B30E639F1546,XP_Tutorial,,
02C7,,B84D4FD805C9EFB2,KratosArmorTrinket_LowHealth_Offense_Reinforce3,,
0057,,B8F99674BBA14E4C,HuldraRunicBonus3,,
0284,,B9016EB9AAC6D6A2,KratosArmorChest_NifDamageSet_Tier06,Ivaldi's Pauldron of Deadly Mist,
045F,,B910A3B61AE92587,PP_180_Lore_02,,
056F,,B923FB0C6BE691C6,Bestiary_Unlock_Gullveig,,
0428,,B92F7504C2820311,SonPerk_LockDownTarget,,
040B,,B968804B36AC91F0,Axe_Tier01_Throw_Node01_SubNode04,,
0340,,B97EBD15ECBD9EBF,WeaponComponent_Blades_OnLaunch_Shield,,
0335,,B9912A556AE01498,WeaponComponent_Blades_Muspelheim01_Reinforce1,,
0299,,B992A3BD20D5C1E5,SonArmorDefense03,,
01FB,,B99DF2059545C5BB,KratosArmorWrist_DamageSet_Tier04_Reinforce2,,
01D6,,B99EDC49BD8436AA,KratosArmorChest_SpeedSet_Tier03_Reinforce2,Plated Pauldon of Focus Lv3,
0422,,B9E44F8FC7AE1B38,Blades_Blade_Toss_Upgrade,,
00DB,,B9EB6E7B1E7BEF71,DisplayShipDragon,,
0113,,BA378824243EE010,MuspBladeRecipes,,
0552,,BA43ED24D28E1231,Bestiary_Unlock_Geirdriful,,
020E,,BA5440DE0C5DEDA0,KratosArmorLegs_DamageSet_Tier05_Reinforce1,,
0576,,BA60A35466B1FC58,EPIC_RUNE_DEFENSIVE,,
00E5,,BAA387FCCCE712FD,AlfheimMedallion,,
0017,,BABDD040F075775A,GolemLoot_Tracker2,,
04D5,,BAC76C741646A642,Bestiary_Unlock_Hel_Fanatic_Archer_Tip_02,,
05CC,,BACBB0AF881D9A01,KratosArmorWrist_ValkyrieSet_Tier06_Reinforce2_NGP,,
05D6,,BAD5C8DEDDFD432D,KratosArmorLegs_MspTankSet_Tier06_Reinforce2_NGP,,
01ED,,BAD88DD78159E2E9,KratosArmorLegs_SpeedSet_Tier04,Runeweaver War Belt,
0594,,BB2C12B13222E4A4,FORDGN_GOLEM_REWARD,,
0649,,BC5839C4C3A85E3F,KratosArmorTrinket_Valkyrie_Reinforce2_NGP,,
00E2,,BC5968CFC3940BEF,DisplayShipHook4,,
044F,,BCB2B5221E61A1EC,Tryptich_Groa_PostBoat,,
003B,,BCF316BD0CC5466C,MaxHealth_Tracker6,,
03ED,,BD21DADA745DCF10,Axe_Tier01_Bare_Node01_SubNode02,,
04A3,,BD4CFFBA0414C246,GiantsGone_Lore,,
03A5,,BD9C991B634B0F95,RuneCreator_Unique_T4ShopRunic,,
015A,,BDA7C3018A1FC2F8,Dummy_RageMeterResource,,
0215,,BDD4860B783953B8,KratosArmorChest_SpeedSet_Tier06,Pauldrons of the World Serpent,
02B4,,BDD5C3953B5F13A3,Perk_Defense_OnLowHealth_RunicBuff,,
061B,,BE2A53E560E0E173,KratosArmorChest_Bonus03_Reinforce1,,
041D,,BE3B3100F114D08F,Blades_Tier02_Melee_Delay_Light_Upgrade_02,,
0228,,BE3C36570BC55503,KratosArmorWrist_TyrSet_Tier06_Reinforce2,,
05D4,,BE52EA550FF5D2DA,KratosArmorChest_MspTankSet_Tier06_Reinforce2_NGP,,
00C1,,BE602826240B959B,NorseMaskTiki,,
02E9,,BEE5B49AEDCBD297,Perk_Utility_Focus_Mode_Reinforce3,,
0137,,BEFED3CC49EB95AD,ArmorUpgradeTutorial,,
044A,,BF23669CFFF44BAD,Tryptich_Ymir,,
04A5,,BF2A13CE929AF17B,NothingIsWritten_Lore,,
04FA,,BF4CA721F6B817E2,Bestiary_Unlock_Draugr_Body_Tip_01,,
0117,,BF717A0CBE634AD9,NiflheimCipherPiece,,
063F,,BFAABA2562C90712,Perk_Talisman_Muspelheim_Reinforce1_NGP,,
01E4,,C00051A0EC0D5A2E,KratosArmorLegs_TankSet_Tier04,Plated Volunder Waist Guard,
03B5,,C034077EB01AE715,RuneCreator_Unique_WeaponSpecial03_NGP,,
0147,,C0615E6822CC72D6,TyrAmuletUnlock,,
05C3,,C068AD4338EC7E4C,KratosArmorWrist_HuldraSindriSet_Tier06_Reinforce2_NGP,,
0232,,C0A65B56297A2071,KratosArmorLegs_ElementalSet_Tier06_Reinforce2,,
0546,,C0C6B634A74EA743,Bestiary_Unlock_Wolf_Rabid,,
01D0,,C0C8860B783953B8,KratosArmorChest_SpeedSet_Tier03,Plated Pauldon of Focus,
0354,,C0D88451263669D4,WeaponComponent_Blades_OnHeadshot_CooldownBurst_Reinforce2,,
04AA,,C0E4ED2A62F69ACB,MjolnirLore_Lore,,
02E3,,C156191084DAB7A1,Perk_Defense_OnBlock_ActiveAbsorb_Reinforce1,,
0331,,C15757EE25823AD8,WeaponComponent_Axe_QueenValkyrie01_Reinforce2,,
00B8,,C1AF9DDF71A42E78,DisplayLostToyOrnament,,
0059,,C1C73F707A31255C,Blades_StatUpgrade_Strength,,
04C0,,C250F1BA84156D6C,WeaponMomentum_Tutorial_1,,
0622,,C2685C78BC3B8CB1,KratosArmorTrinket_HealthBurst_Reinforce1_NGP,,
03BB,,C2DE9B248579DBB3,RuneCreator_Unique_BladeWeaponSpecial04_NGP,,
00A3,,C3177C1B5D0B9134,LostToy,,
03D1,,C331ACFB1A1CB880,FrostSpecialAxeTossThrowdown,,
01D7,,C356D4751E3886D8,KratosArmorWrist_SpeedSet_Tier03_Reinforce2,Scaled Bracers of Focus Lv3,
041B,,C364A30F157B987C,Blades_Tier02_Melee_Node01_SubNode02,,
05A8,,C3B1A64EB397DE02,KratosArmorWrist_TravelerSet_Tier06_Reinforce2_NGP,,
022B,,C3BB0F4EA2814358,KratosArmorWrist_ElementalSet_Tier06,Gauntles of the Ancients,
010A,,C3E5EB0C74D8D184,BroochFancy,,
023F,,C42893AE42A27524,KratosArmorChest_HuldraBrokSet_Tier06_Reinforce1,,
0278,,C43F5898B170C90D,KratosArmorChest_NifTankSet_Tier06_Reinforce2,,
033D,,C45E5D4EFA75D958,WeaponComponent_Blades_OnKill_HealthBurst,,
05F3,,C4F3627CD63D92F5,KratosArmorWrist_NifSpeedSet_Tier06_NGP,,
042A,,C52E59704D061EEB,SonPerk_LightArrow_ExplosionRadius,,
03DD,,C561AC84AE0A4B4B,BladeSpecialShotgun,,
0295,,C5B411E503C2C67D,SonArmorOffense02,Superior Fighter Tunic,
0240,,C5BA0FED4E6A0098,KratosArmorWrist_HuldraBrokSet_Tier06_Reinforce1,,
047D,,C61B1DAA67287EC8,RIV_925_Lore_01,,
0002,,C65F861310000000,Axe,,
0149,,C67BF98BB5E2C702,ChiselUnlock,,
04B9,,C6AFBD047054F1C1,ArrowToggle_Tutorial,,
013F,,C6F6A16DB2BB5C02,ResStoneSecondTutorial,,
0449,,C708D1B8E895B1C1,Tryptich_Solargram_PostBoat,,
026E,,C70C6703D9F0F062,KratosArmorLegs_MspDamageSet_Tier06_Reinforce1,,
05F1,,C77793A2E6B544BB,KratosArmorLegs_NifTankSet_Tier06_Reinforce2_NGP,,
067D,,C796B1100C241FC7,WeaponComponent_Blades_OnDamage_ProcBomb_Reinforce2_NGP,,
0277,,C7B8CF67569F4FA2,KratosArmorLegs_NifTankSet_Tier06_Reinforce1,,
014D,,C866F1CA223BDA23,ArrowUnlockStage1,,
065F,,C8671857F95E69CB,Perk_Weapon_Muspelheim_Reinforce2_NGP,,
05B6,,C867BE6362591109,KratosArmorChest_HuldraBrokSet_Tier06_Reinforce1_NGP,,
00AD,,C8A9C7CE9AB1B001,DisplayQueenHelm,,
05C7,,C8CC3824BD4EBDF2,KratosArmorLegs_ValkyrieSet_Tier06_NGP,,
0433,,C8D5CC2F8D2CE18C,SonPerk_ShockArrow_Potency_Tier03,,
02EC,,C8DEE8F29B784E39,Perk_Talisman_Muspelheim_Reinforce1,,
045E,,C8F156450225E05B,PP_140_Lore_01,,
0473,,C929B3CF3E88F217,CAL_250_Lore_01,,
050A,,C9465E8E6948DC63,Bestiary_Unlock_DarkOne_Elite_Tip_02,,
00C7,,C977C5C1C76AEB9B,DisplayNorseMaskCurlyBeard,,
0602,,C9A334FB9886491A,KratosArmorWrist_NifDamageSet_Tier06_Reinforce2_NGP,,
0651,,CA57B34C5A6B6AD3,WeaponComponent_Axe_AllStats_Reinforce1_NGP,,
042D,,CAC6D2A1BB8FCF35,SonPerk_LightArrow_Potency_Tier03,,
05F8,,CAE7D54494109496,KratosArmorChest_NifSpeedSet_Tier06_Reinforce2_NGP,,
016F,,CAF5C9E8A417BA90,TempleMarker,,
04C3,,CB16706AF583F664,Bestiary_Unlock_Hel_Walker_Shield,,
038B,,CBBFBE53C2CC692E,RuneCreator_Rare_Tier02,,
01D2,,CBC48DD78159E2E9,KratosArmorLegs_SpeedSet_Tier03,Scaled Waist Guard of Focus,
0178,,CBE2584354CD5FD2,KratosArmorLegs_Starter_Tier00,,
05F5,,CC74462287FDF496,KratosArmorChest_NifSpeedSet_Tier06_Reinforce1_NGP,,
01FD,,CCAFE31201646AAF,KratosArmorChest_TankSet_Tier05,Mythic Pauldrons of Protection,
0257,,CCEF968B07F2F2B7,KratosArmorChest_MspTankSet_Tier06,Breastplate of Fallen Ash,
00D0,,CD730230C79021FC,DisplayNorseMaskGoat,,
001F,,CDB8EF8BFE1E82F5,EnhancedGolemLoot_Tracker4,,
04B4,,CDEF34D7E140E38B,BackAttack_Tutorial,,
019F,,CE3D140135DC646D,KratosArmorLegs_SpeedSet_Tier01_Reinforce_Reinforce1,,
047C,,CE57FB44AC42BB49,ALF_390_Lore_01,,
0652,,CE7273A7E93E66D3,WeaponComponent_Axe_AllStats_Reinforce2_NGP,,
0479,,CE7E7B5AF4C7521F,PP_300_Lore_01,,
046B,,CECCED1707E776F2,NIF_100_Lore_01,,
0581,,CEE86F8883576947,LEGENDARY_RUNE_CLEAVE,,
0004,,CEE8736146CB2923,Shield,,
0106,,CEF71EB360F42BC7,DisplayHornHandle,,
0219,,CF7A73EFDDF0FC6D,KratosArmorWrist_SpeedSet_Tier06_Reinforce1,,
00C5,,CFD1CA44869A7FBE,NorseMaskGroot,,
046D,,D02BACD7F763005F,Xpl650_LoreMarker,,
0107,,D03AC41778BCCB59,DisplayHornBigMouth,,
02E4,,D052191084DAB7A1,Perk_Defense_OnBlock_ActiveAbsorb_Reinforce2,,
00C0,,D09CF78E8898896C,NorseMaskMustache,,
048B,,D09E6BBFB011B69D,UB05_Reveal_Lore,,
01B8,,D0A9EC2AAB82ED6B,KratosArmorChest_SpeedSet_Tier02_Reinforce1,Runic Scaled Spaulders Lv2,
03F8,,D0CD0ABA638C02D1,Axe_Tier01_Momentum_Unlock_02,,
0269,,D17AE3C5BADF377B,KratosArmorChest_MspDamageSet_Tier06,Smoldering Brimstone Pauldron,
038D,,D1945FF0D79953E2,RuneCreator_Unique_Soul,,
022F,,D1A25B56297A2071,KratosArmorLegs_ElementalSet_Tier06_Reinforce1,,
0272,,D1CDC21E332EDEF6,KratosArmorChest_NifTankSet_Tier06,Ivaldi's Cuirass of Endless Mist,
02B3,,D1DA9F648EEC2EAD,Perk_Defense_OnLowHealth_OffenseBuff,,
0353,,D1DC8451263669D4,WeaponComponent_Blades_OnHeadshot_CooldownBurst_Reinforce1,,
048A,,D23886514D2BAE1C,UB04_Reveal_Lore,,
0330,,D25357EE25823AD8,WeaponComponent_Axe_QueenValkyrie01_Reinforce1,,
041A,,D260A30F157B987C,Blades_Tier02_Melee_Node01_SubNode01,,
024C,,D2A0BF50C977F8DE,KratosArmorWrist_HuldraSindriSet_Tier06_Reinforce2,,
016C,,D2AA89BD7839663C,SonHealedMarker,,
0341,,D2D3C61C80C16D7C,WeaponComponent_Blades_OnLaunch_Shield_Reinforce1,,
0507,,D2DDBC7539A10BCD,Bestiary_Unlock_DarkOne_Summoner_Tip_01,,
01FF,,D30451A0EC0D5A2E,KratosArmorLegs_TankSet_Tier05,Plated Waist Guard of Protection,
029A,,D36C3D180E1D3836,SonArmorBonus01,,
013A,,D3749FF99A6AA81D,EnchantmentTutorial,,
01EB,,D3CC860B783953B8,KratosArmorChest_SpeedSet_Tier04,Runic Wyrmskin Pauldons,
023C,,D3E92FA332CC6A5C,KratosArmorChest_HuldraBrokSet_Tier06,Brok’s Royal Dwarven Breastplate,
05DA,,D415B1FA084CEAC0,KratosArmorChest_MspSpeedSet_Tier06_Reinforce1_NGP,,
0076,,D4962E3FCAF55223,AsgardianSteel_Tracker1,,
0487,,D49F3A52867A5850,XPL_200_Lore_01,,
0463,,D4AC36D18B98E3C3,VF_250_Lore_01,,
04E9,,D4BF281791C8630E,Bestiary_Unlock_Draugr_Dual,,
0275,,D53B5898B170C90D,KratosArmorChest_NifTankSet_Tier06_Reinforce1,,
0596,,D56396AC6312AE4B,HTTK_GOLEM_REWARD,,
049F,,D596D30DBB51061F,WhatOdinWants2_Lore,,
05AE,,D5BA33779621BD7C,KratosArmorWrist_ElementalSet_Tier06_Reinforce1_NGP,,
0156,,D6833365C3296802,MaxHealthUpgrade,Maximum Health Increased,
0296,,D6B011E503C2C67D,SonArmorOffense03,Legendary Fighter Tunic,
027A,,D6BCCF67569F4FA2,KratosArmorLegs_NifTankSet_Tier06_Reinforce2,,
03C1,,D6DE9167511FEE9F,RuneCreator_Tier05_Legendary_Condition,,
0035,,D77D5B2664160CD5,EnhancedTravelerLoot_Tracker10,,
01F9,,D85566482FC7EB12,KratosArmorLegs_DamageSet_Tier04_Reinforce1,,
052C,,D872DDB9964BB982,Bestiary_Unlock_Revenant_Ice_Tip_01,,
0522,,D87D8BC60D5696BC,Bestiary_Unlock_Ogre_Basher_Tip_02,,
01B7,,D8C08DD78159E2E9,KratosArmorLegs_SpeedSet_Tier02,Runic War Belt,
0684,,D8D691E895C29078,RuneCreator_Unique_Elemental_NGP,,
0482,,D8F1E64979BF560B,RIV_100_Lore_01,,
0041,,D9243CC54231D753,MaxRage_Tracker1,,
00C4,,D95A3D0B6541889B,NorseMaskGoat,,
0597,,D95D8B95AA0F9113,ALFHEIM_BOSS_ENCHANTMENT_REWARD,,
041F,,D96AD5A423BA60E9,Blades_Tier01_Melee_Evade_Back,,
0162,,D98F71BFEB506D0F,UB02_Reveal,,
047F,,D99AB7E8BB8CF671,Xpl450_DeathHere,,
057B,,D9D132F68FCCBC00,LEGENDARY_RUNE_LOW_HEALTH,,
02ED,,D9DAE8F29B784E39,Perk_Talisman_Muspelheim_Reinforce2,,
0572,,D9E6666A6C550D2A,not found,,
0474,,DA2DB3CF3E88F217,CAL_250_Lore_02,,
02C5,,DA554FD805C9EFB2,KratosArmorTrinket_LowHealth_Offense_Reinforce1,,
0273,,DAB4AC27339F070D,KratosArmorWrist_NifTankSet_Tier06,Ivaldi's Gauntlets of Endless Mist,
0439,,DAEDCF731F461790,SummonDeer,,
04ED,,DAF67E8917C397AC,Bestiary_Unlock_Draugr_Weapon,,
0448,,DB1C47378FAD6E68,Tryptich_Solargram,,
0368,,DB2E82EECF295106,Perk_Throw_OnHeadshot_Cooldown_Reinforce1,,
0297,,DB8AA3BD20D5C1E5,SonArmorDefense01,Basic Runic Vestment,
02F0,,DB999A6F56E5D0C0,Perk_Talisman_Niflheim_Reinforce2,,
0338,,DBA3B18F893D28EE,WeaponComponent_Blades_Valkyrie01_Reinforce1,,
020F,,DBABE31201646AAF,KratosArmorChest_TankSet_Tier06,Ornate Pauldrons of Vigor,
068B,,DBC20322187668AD,NGPFlag2,,
044D,,DC8B13DEE40934BA,Tryptich_Bergelmir_PostBoat,,
0020,,DCBCEF8BFE1E82F5,EnhancedGolemLoot_Tracker5,,
0567,,DCFE23469971A31C,Bestiary_Unlock_Baldur,,
01A2,,DD39140135DC646D,KratosArmorLegs_SpeedSet_Tier01_Reinforce_Reinforce2,,
010B,,DD58CC38B8382ECE,BroochRuby,,
0420,,DE1285BEFE22D180,Blades_ElementalPrecision_Level03,,
03B8,,DE386C8DE8AECAB3,RuneCreator_Unique_BladeWeaponSpecial01_NGP,,
05B0,,DEA6B74A95145D8E,KratosArmorChest_ElementalSet_Tier06_Reinforce2_NGP,,
05DE,,DEDBA387AFF8FA69,KratosArmorWrist_MspSpeedSet_Tier06_Reinforce2_NGP,,
0206,,DFE5683D2D1D07EC,KratosArmorChest_SpeedSet_Tier05_Reinforce1,,
0586,,DFEDB8BAF98D9072,ALFHEIM_GOLEM_REWARD,,
03B9,,E00A22D9AD1CE6B3,RuneCreator_Unique_BladeWeaponSpecial02_NGP,,
0523,,E03ACFE67F4C1882,Bestiary_Unlock_Ogre_Charger_Tip_01,,
02E1,,E06D6F470B89C2D0,Perk_Utility_JustEvade_Slowdown_Reinforce3,,
01CF,,E089738092E6B007,KratosArmorLegs_TankSet_Tier03_Reinforce2,Defender's Waist Guard Lv3,
056D,,E09F03EB8C514695,Bestiary_Unlock_Andvari,,
048E,,E1A4B0E44360CD69,HTTK_Reveal_Lore,,
01BB,,E1A5EC2AAB82ED6B,KratosArmorChest_SpeedSet_Tier02_Reinforce2,Runic Scaled Spaulders Lv3,
045A,,E1B9076D0613A416,HTTK_125_Lore_01,,
0213,,E26B981C6A0D83FE,KratosArmorWrist_TankSet_Tier06_Reinforce1,,
05DB,,E2CA5028ADE1F126,KratosArmorWrist_MspSpeedSet_Tier06_Reinforce1_NGP,,
05DD,,E2DDE12E19C2D6C0,KratosArmorChest_MspSpeedSet_Tier06_Reinforce2_NGP,,
0481,,E2FAB79CA7B245F4,Xpl300_FalseLeader,,
0443,,E3183C1867679A33,Bow_Skill_Deftness_Tier03,,
04B0,,E36F4E3528B9FBE5,AxeEquip_Tutorial,,
04AC,,E382285E4BB19DF3,LaufeyTheJust_Lore,,
01B9,,E3A705EE4689EF22,KratosArmorWrist_SpeedSet_Tier02_Reinforce1,Runic Forearm Bracers Lv2,
066E,,E3B65CEE4EEFD541,WeaponComponent_Axe_Valkyrie01_Reinforce2_NGP,,
0505,,E3C183601101EFDC,Bestiary_Unlock_DarkOne_Warrior_Tip_01,,
0265,,E3F9110D392B49A3,KratosArmorLegs_MspSpeedSet_Tier06_Reinforce1,,
060C,,E413BDB2A3FE1442,KratosArmorChest_Bonus01_Reinforce2,,
03F5,,E497EC72962F9817,Axe_Tier01_BareEvadeAttack_Light,,
0146,,E53C53E146D4D156,FastTravelUnlock03,,
0151,,E54B545124A5891E,MaxRageUpgradePiece,,
0077,,E59A2E3FCAF55223,AsgardianSteel_Tracker2,,
05BF,,E60F0C9AAD1F20D1,KratosArmorChest_HuldraSindriSet_Tier06_Reinforce1_NGP,,
01FE,,E6658B8C9BE22666,KratosArmorWrist_TankSet_Tier05,Ornate Bracers of Protection,
027D,,E691585807966709,KratosArmorLegs_NifSpeedSet_Tier06,Ivaldi's War Belt of Cursed Mist,
013B,,E6CAC480166A95C9,SpiritSummonTutorial,,
028E,,E777B23D510B6DE1,KratosArmorWrist_PinkSet,Cod of War Fin-wraps,
00FD,,E827A6BFF2424300,HornWorldTree,,
0042,,E8283CC54231D753,MaxRage_Tracker2,,
0255,,E836BFFDCB4E4ADE,KratosArmorWrist_ValkyrieSet_Tier06_Reinforce2,,
0212,,E83BFB14947733D7,KratosArmorChest_TankSet_Tier06_Reinforce1,,
00D9,,E83F67FB7DA71944,ShipHook4,,
0670,,E84ADDEADCCC69EF,WeaponComponent_Axe_Valkyrie02_Reinforce1_NGP,,
0591,,E8706C9822626EE4,MINE_SOULEATER_REWARD,,
02EF,,E8959A6F56E5D0C0,Perk_Talisman_Niflheim_Reinforce1,,
032B,,E8AAEF47AB4F57AE,WeaponComponent_Axe_Valkyrie01_Reinforce2,,
0263,,E8B3C4DE03D92674,KratosArmorChest_MspSpeedSet_Tier06_Reinforce1,,
0493,,E8C369E2C13AE1BB,CAL_170_Lore_01,,
0223,,E8C784E9B164E2D7,KratosArmorLegs_TyrSet_Tier06,Tyr's Lost Unity Belt,
034F,,E8E712ED5D059E61,WeaponComponent_Blades_OnHeadshot_DefenseBuff,,
00F5,,E90B5B9C3F838C59,CupHolyGrail,,
0510,,E96009F1145880F4,Bestiary_Unlock_Nightmare_Blind,,
059C,,E97B5172CFDDD40C,KratosArmorWrist_TyrSet_Tier06_Reinforce1_NGP,,
052D,,E97EDDB9964BB982,Bestiary_Unlock_Revenant_Ice_Tip_02,,
0410,,E986E2EC2ACCD6AB,Axe_Tier02_Bare_Node01_SubNode01,,
019B,,E98AD97035D8CAE3,KratosArmorWrist_SpeedSet_Tier01_Reinforce,,
0036,,E9E716BD0CC5466C,MaxHealth_Tracker1,,
025F,,E9F389659EC532A0,KratosArmorLegs_MspTankSet_Tier06_Reinforce2,,
030F,,EA1BAC8ECCE7FEEB,WeaponComponent_Axe_Cursed_Reinforce1,,
0339,,EAAFB18F893D28EE,WeaponComponent_Blades_Valkyrie01_Reinforce2,,
009A,,EAB10BB567B130F5,DChestLootedMarker_Dump,,
0431,,EADDCC2F8D2CE18C,SonPerk_ShockArrow_Potency_Tier01,,
0468,,EB21B3CF3E88F217,CAL_250_Lore_03,,
0173,,EB8C5B90F9B91385,NiflheimTrophyTracker,,
001D,,EBB0EF8BFE1E82F5,EnhancedGolemLoot_Tracker2,,
05BE,,EC005868DAA580CD,KratosArmorLegs_HuldraSindriSet_Tier06_NGP,,
0426,,EC45CC096F6686C7,Blades_Momentum_02,,
0588,,EC61E3994E4F6FB2,PEAKSTWO_GOLEM_REWARD,,
03A6,,EC621964819A8D5F,RuneCreator_Unique_T4ShopLuck,,
03F9,,EC71FA2E68CA8722,Axe_RageMode_Upgrade_R1_Base,,
026C,,ECEAF7E7D646ACFF,KratosArmorChest_MspDamageSet_Tier06_Reinforce1,,
03F4,,ED5E9FBF6885F629,Axe_Tier01_AxeEvadeAttack_Light_Back,,
01AE,,EE0851A0EC0D5A2E,KratosArmorLegs_TankSet_Tier02,Viken Waist Guard,
050F,,EE29217251194276,Bestiary_Unlock_Nightmare_Ice,,
014F,,EE6EF1CA223BDA23,ArrowUnlockStage3,,
01C7,,EEA7E31201646AAF,KratosArmorChest_TankSet_Tier03,Defender's Cuirass,
0454,,EEF81B7E130955DE,Tryptich_Surtr,,
00BC,,EF00EFEC55B4096F,NorseMaskFlatBeard,,
010D,,EF1D744E9D61E95A,DisplayBroochAnimal,,
0172,,EF8408EE588F8C52,NiflheimTierTracker,,
027C,,EF9F189823246A8F,KratosArmorWrist_NifSpeedSet_Tier06,Ivaldi's Bracers of Cursed Mist,
0442,,F01C3C1867679A33,Bow_Skill_Deftness_Tier02,,
0314,,F02026361D05E0C5,Perk_Weapon_Muspelheim_Reinforce2,,
0268,,F0FD110D392B49A3,KratosArmorLegs_MspSpeedSet_Tier06_Reinforce2,,
01C9,,F10C51A0EC0D5A2E,KratosArmorLegs_TankSet_Tier03,Defender's Waist Guard,
01CC,,F18D738092E6B007,KratosArmorLegs_TankSet_Tier03_Reinforce1,Defender's Waist Guard Lv2,
0680,,F1B2987CC5F71BE8,WeaponComponent_Blades_Valkyrie01_Reinforce2_NGP,,
01B5,,F1C4860B783953B8,KratosArmorChest_SpeedSet_Tier02,Runic Scaled Spaulders,
030D,,F26CEE4A9FAD85A5,WeaponComponent_Axe_AllStats_Reinforce3,,
01BC,,F2A305EE4689EF22,KratosArmorWrist_SpeedSet_Tier02_Reinforce2,Runic Forearm Bracers Lv3,
0220,,F2C01C8E2DA21CE1,KratosArmorLegs_DamageSet_Tier06_Reinforce1,,
0229,,F2D4154D4647B5FC,KratosArmorLegs_TyrSet_Tier06_Reinforce2,,
0436,,F2DEE30A6C8A94C9,TEMP_Soul_of_the_Wolf,,
0535,,F301C9F98AA3660A,Bestiary_Unlock_Troll_Brenna_Daudi,,
04A4,,F30692FF0F234C2D,OdinWorldTree_Lore,,
0544,,F3B4877DD5DC631C,Bestiary_Unlock_Projection_HelBrood_Tip_02,,
00FE,,F3EFD020A8B12A36,HornExtension,,
0145,,F43853E146D4D156,FastTravelUnlock02,,
0623,,F4EEFA420566FFB1,KratosArmorTrinket_HealthBurst_Reinforce2_NGP,,
0175,,F537248AF3A87362,TravelerFailSafe,,
04C6,,F545BC113F533A59,Bestiary_Unlock_Hel_Fanatic_Bomber,,
03B2,,F5D92A4FF675BB2B,RuneCreator_Unique_BladeWeaponSpecial05,,
0677,,F5E2FBEA34DAC1B8,WeaponComponent_Blades_Muspelheim01_Reinforce2_NGP,,
058D,,F6391DBEC2549302,HEL_VALKYRIE_RUNE,,
050C,,F6CF8D61E0330EE0,Bestiary_Unlock_Nightmare_Possess,,
0208,,F7028B3CEB0AFD89,KratosArmorLegs_SpeedSet_Tier05_Reinforce1,,
0210,,F7618B8C9BE22666,KratosArmorWrist_TankSet_Tier06,Mythic Gaunlets of Vigor,
020C,,F76C47DC02D4A289,KratosArmorChest_DamageSet_Tier05_Reinforce1,,
0222,,F7DC3B7C83D7F6A4,KratosArmorWrist_TyrSet_Tier06,Tyr's Lost Unity Gauntlets,
01C5,,F86300DBEE4B1786,KratosArmorWrist_DamageSet_Tier02_Reinforce2,Wolfskin Bracers Lv3,
0497,,F8AB1F38A1475974,SerpentScroll_Lore,,
0037,,F8E316BD0CC5466C,MaxHealth_Tracker2,,
025C,,F8F789659EC532A0,KratosArmorLegs_MspTankSet_Tier06_Reinforce1,,
0310,,F91FAC8ECCE7FEEB,WeaponComponent_Axe_Cursed_Reinforce2,,
00B5,,F94C1EFCBF0C2E8A,DisplayLostToyTroll,,
055B,,F989BBA28C1DCB94,Bestiary_Unlock_Ancient_DarkSoulEater,,
0351,,F9B694F96F96CFEC,WeaponComponent_Blades_OnHeadshot_DefenseBuff_Reinforce2,,
0432,,F9D9CC2F8D2CE18C,SonPerk_ShockArrow_Potency_Tier02,,
03BE,,F9FAA0A66D38E864,RuneCreator_Tier03_Rare_One_Stat_Condition,,
033E,,FA630AFFEDF66B5B,WeaponComponent_Blades_OnKill_HealthBurst_Reinforce1,,
0416,,FA7DCFD7BC7C81CC,Blades_Tier01_Bare_Node01,,
0078,,FA9E2E3FCAF55223,AsgardianSteel_Tracker3,,
05F7,,FAA5E21E421AC166,KratosArmorLegs_NifSpeedSet_Tier06_Reinforce1_NGP,,
046F,,FAAE61A5F51EE8F8,SM_200_Lore_01,,
001E,,FAB4EF8BFE1E82F5,EnhancedGolemLoot_Tracker3,,
0243,,FAB60FED4E6A0098,KratosArmorWrist_HuldraBrokSet_Tier06_Reinforce2,,
040D,,FB18250C0391B9DF,Axe_Tier02_Melee_Node01,,
0043,,FB2C3CC54231D753,MaxRage_Tracker3,,
03F6,,FB663B72A50C98CD,Axe_Tier01_BareHeavyHold_Upgrade,,
04DD,,FBFE40798ED3190F,Bestiary_Unlock_Seidr_Bandit_Tip_02,,
00F3,,FC7F7EF47ECBF25C,CupGoblet,,
0571,,FC8A6F6A3E018A0F,Bestiary_Unlock_WorldSerpent,,
053B,,FD45D226F8862141,Bestiary_Unlock_Troll_Grendel_the_Frost,,
01E2,,FDA3E31201646AAF,KratosArmorChest_TankSet_Tier04,Plated Volunder Cuirass,
0508,,FDD9BC7539A10BCD,Bestiary_Unlock_DarkOne_Summoner_Tip_02,,
0628,,FDDFABAB19C9BCCC,KratosArmorTrinket_Parry_Reinforce3_NGP,,
0393,,FDECA32BD68BF061,RuneCreator_Unique_Hellheim,,
0379,,FDF263742630D149,Perk_Flat_OnKill_HealthDrain,,
055D,,FDFA6EF5DB0845B6,Bestiary_Unlock_Ancient_Lava,,
050D,,FE6B10F249C35D7F,Bestiary_Unlock_Nightmare_Fire,,
03EF,,FED63F374382EC48,Axe_Tier01_BlockBreak,,
0542,,FEF2A56D374447C4,Bestiary_Unlock_Projection_Brood_Tip_02,,
0252,,FF32BFFDCB4E4ADE,KratosArmorWrist_ValkyrieSet_Tier06_Reinforce1,,
0425,,FF41CC096F6686C7,Blades_Momentum_01,,
036C,,FF4605A8EACB67EA,Perk_Throw_OnHeadshot_Rage_Reinforce2,,
00AE,,FF5CDED816C7C382,LostToyThor,,
014E,,FF6AF1CA223BDA23,ArrowUnlockStage2,,
037E,,FFF73223FC045E9F,Perk_Flat_OnKill_Rage_Reinforce2,,